Rk,Name,Tm,FantPos,Age,G,GS,Cmp,Att,Yds,TD,Int,Att,Yds,Y/A,TD,Tgt,Rec,Yds,Y/R,TD,FantPt,DKPt,FDPt,VBD,PosRank,OvRank
1,Davante Adams\AdamDa01,GNB,WR,22,16,11,0,0,0,0,0,0,0,,0,66,38,446,11.74,3,63,103.6,81.6,,78,
2,Ray Agnew\AgneRa00,CLE,RB,23,12,9,0,0,0,0,0,2,2,1.00,0,9,3,15,5.00,0,2,4.7,3.2,,146,
3,Kamar Aiken\AikeKa00,BAL,WR,25,16,0,0,0,0,0,0,0,0,,0,32,24,267,11.13,3,45,71.7,56.7,,100,
4,Seyi Ajirotutu\AjirSe00,SDG,WR,27,16,1,0,0,0,0,0,0,0,,0,12,4,45,11.25,0,5,8.5,6.5,,177,
5,Dwayne Allen\AlleDw00,IND,TE,24,13,13,0,0,0,0,0,0,0,,0,50,29,395,13.62,8,88,119.5,102.0,,13,
6,Keenan Allen\AlleKe00,SDG,WR,22,14,14,0,0,0,0,0,0,0,,0,121,77,783,10.17,4,98,180.3,136.8,,48,
7,Rashaun Allen\AlleRa00,SEA,,24,1,0,0,0,0,0,0,0,0,,0,,0,0,,0,,,,,108,
8,Jace Amaro\AmarJa00,NYJ,WR,22,14,4,0,0,0,0,0,0,0,,0,53,38,345,9.08,2,49,87.5,65.5,,99,
9,Danny Amendola\AmenDa00,NWE,WR,29,16,4,0,0,0,0,0,0,0,,0,42,27,200,7.41,1,26,56.0,39.5,,118,
10,C.J. Anderson*\AndeC.00,DEN,RB,23,15,7,0,0,0,0,0,179,849,4.74,8,44,34,324,9.53,2,177,217.3,194.3,56,11,26
11,Derek Anderson\AndeDe00,CAR,QB,31,6,2,65,97,701,5,0,8,24,3.00,0,0,0,0,,0,52,53.4,50.4,,42,
12,Antonio Andrews\AndrAn00,TEN,RB,22,4,0,0,0,0,0,0,0,0,,0,2,2,11,5.50,0,1,3.1,2.1,,150,
13,Blake Annen\AnneBl01,CHI,,23,5,0,0,0,0,0,0,0,0,,0,,0,0,,0,,,,,95,
14,Dri Archer\ArchDr00,PIT,WR,23,12,0,0,0,0,0,0,10,40,4.00,0,10,7,23,3.29,0,6,13.3,9.8,,169,
15,Matt Asiata\AsiaMa00,MIN,RB,27,15,9,0,0,0,0,0,164,570,3.48,9,63,44,312,7.09,1,150,201.2,172.2,29,16,46
16,David Ausberry\AusbDa00,OAK,TE,27,6,0,0,0,0,0,0,0,0,,0,4,2,14,7.00,0,1,3.4,2.4,,89,
17,Miles Austin\AustMi00,CLE,WR,30,12,11,0,0,0,0,0,0,0,,0,73,47,568,12.09,2,69,118.8,92.3,,70,
18,Tavon Austin\AustTa00,STL,WR,23,15,8,0,0,0,0,0,36,224,6.22,2,44,31,242,7.81,0,59,101.6,80.1,,87,
19,Jason Avant\AvanJa00,2TM,WR,31,16,0,0,0,0,0,0,1,1,1.00,0,62,34,353,10.38,1,41,78.4,58.4,,101,
20,Donnie Avery\AverDo00,KAN,WR,30,6,3,0,0,0,0,0,0,0,,0,26,15,176,11.73,0,16,34.6,23.1,,141,
21,Stedman Bailey\BailSt01,STL,WR,24,14,3,0,0,0,0,0,1,13,13.00,0,46,30,435,14.50,1,51,89.8,71.8,,94,
22,Edwin Baker\BakeEd01,NOR,RB,23,3,0,0,0,0,0,0,1,2,2.00,0,0,0,0,,0,,0.2,0.2,,153,
23,Doug Baldwin\BaldDo00,SEA,WR,26,16,16,0,0,0,0,0,1,8,8.00,0,98,66,825,12.50,3,101,170.3,134.3,,44,
24,Montee Ball\BallMo00,DEN,RB,24,5,3,0,0,0,0,0,55,172,3.13,1,13,9,62,6.89,0,27,40.4,31.9,,87,
25,Joe Banyard\BanyJo00,MIN,RB,26,15,0,0,0,0,0,0,21,88,4.19,0,11,9,62,6.89,0,15,24.0,19.5,,105,
26,Matt Barkley\BarkMa00,PHI,QB,24,1,0,0,1,0,0,0,3,0,0.00,0,0,0,0,,0,,,,,71,
27,Gary Barnidge\BarnGa01,CLE,TE,29,13,2,0,0,0,0,0,0,0,,0,25,13,156,12.00,0,16,31.6,22.1,,51,
28,Phil Bates\BatePh00,SEA,,25,1,0,0,0,0,0,0,0,0,,0,,0,0,,0,,,,,221,
29,Jackie Battle\BattJa00,TEN,RB,31,16,1,0,0,0,0,0,5,9,1.80,1,5,5,28,5.60,0,10,14.7,12.2,,119,
30,Alex Bayer\BayeAl00,STL,,24,6,0,0,0,0,0,0,0,0,,0,,0,0,,0,,,,,105,
31,Cole Beasley\BeasCo00,DAL,WR,25,16,2,0,0,0,0,0,0,0,,0,49,37,420,11.35,4,62,104.0,80.5,,80,
32,Odell Beckham*\BeckOd00,NYG,WR,22,12,11,0,1,0,0,0,7,35,5.00,0,130,91,1305,14.34,12,204,299.0,249.5,82,5,16
33,Joique Bell\BellJo01,DET,RB,28,15,6,0,0,0,0,0,223,860,3.86,7,53,34,322,9.47,1,166,205.2,181.2,45,14,34
34,Le'Veon Bell*+\BellLe00,PIT,RB,22,16,16,0,0,0,0,0,290,1361,4.69,8,105,83,854,10.29,3,288,376.5,329.0,167,2,2
35,Josh Bellamy\BellJo02,CHI,,25,4,0,0,0,0,0,0,0,0,,0,1,0,0,,0,,,,,215,
36,Kelvin Benjamin\BenjKe00,CAR,WR,23,16,15,0,0,0,0,0,0,0,,0,145,73,1008,13.81,9,155,229.8,189.3,33,16,43
37,Travis Benjamin\BenjTr00,CLE,WR,25,16,0,0,0,0,0,0,3,11,3.67,0,46,18,314,17.44,3,51,71.5,59.5,,95,
38,Martellus Bennett*\BennMa00,CHI,TE,27,16,15,0,0,0,0,0,0,0,,0,128,90,916,10.18,6,132,224.6,176.6,41,5,37
39,Giovani Bernard\BernGi00,CIN,RB,23,13,9,0,0,0,0,0,168,680,4.05,5,59,43,349,8.12,2,145,193.9,166.4,24,18,49
40,Brenton Bersin\BersBr00,CAR,WR,24,15,1,0,0,0,0,0,0,0,,0,20,13,151,11.62,1,21,37.1,27.6,,129,
41,LeGarrette Blount\BlouLe00,2TM,RB,28,16,1,0,0,0,0,0,125,547,4.38,5,12,10,54,5.40,0,88,102.1,93.1,,36,
42,Alfred Blue\BlueAl00,HOU,RB,23,16,3,0,0,0,0,0,169,528,3.12,2,18,15,113,7.53,1,82,103.1,89.6,,38,
43,Tommy Bohanon\BohaTo00,NYJ,RB,24,4,2,0,0,0,0,0,1,3,3.00,0,2,2,30,15.00,0,3,5.3,4.3,,138,
44,Brandon Bolden\BoldBr00,NWE,RB,24,16,2,0,0,0,0,0,28,89,3.18,1,6,2,8,4.00,0,16,17.7,16.7,,103,
45,Anquan Boldin\BoldAn00,SFO,WR,34,16,16,0,1,0,0,0,1,4,4.00,0,130,83,1062,12.80,5,137,222.6,178.1,15,22,55
46,Blake Bortles\BortBl00,JAX,QB,22,14,13,280,475,2908,11,17,56,419,7.48,0,0,0,0,,0,174,192.2,185.2,,24,
47,Brandon Bostick\BostBr00,GNB,TE,25,13,0,0,0,0,0,0,0,0,,0,4,2,3,1.50,1,6,8.3,7.3,,72,
48,Dwayne Bowe\BoweDw00,KAN,WR,30,15,15,0,0,0,0,0,0,0,,0,95,60,754,12.57,0,77,138.4,105.4,,64,
49,Josh Boyce\BoycJo00,NWE,,23,1,0,0,0,0,0,0,0,0,,0,,0,0,,0,,,,,208,
50,Jarrett Boykin\BoykJa00,GNB,WR,25,13,3,0,0,0,0,0,0,0,,0,12,3,23,7.67,0,2,5.3,3.8,,186,
51,Allen Bradford\BradAl00,SEA,,26,1,0,0,0,0,0,0,0,0,,0,,0,0,,0,,,,,156,
52,Ahmad Bradshaw\BradAh00,IND,RB,28,10,1,0,0,0,0,0,90,425,4.72,2,47,38,300,7.89,6,117,162.5,135.5,,26,
53,Tom Brady*\BradTo00,NWE,QB,37,16,16,373,582,4109,33,9,36,57,1.58,0,0,0,0,,0,280,293.1,287.1,14,8,58
54,Cameron Brate\BratCa00,TAM,TE,23,5,1,0,0,0,0,0,0,0,,0,1,1,17,17.00,0,2,2.7,2.2,,88,
55,Drew Brees*\BreeDr00,NOR,QB,35,16,16,456,659,4952,33,17,27,68,2.52,1,1,1,1,1.00,0,305,327.0,320.5,39,6,39
56,Teddy Bridgewater\BridTe00,MIN,QB,22,13,12,259,402,2919,14,12,47,209,4.45,1,0,0,0,,0,180,197.7,191.7,,22,
57,Kenny Britt\BritKe00,STL,WR,26,16,13,0,0,0,0,0,2,14,7.00,0,84,48,748,15.58,3,94,145.2,118.2,,51,
58,Kevin Brock\BrocKe00,CIN,TE,28,14,2,0,0,0,0,0,0,0,,0,6,5,21,4.20,0,2,7.1,4.6,,86,
59,Richie Brockel\BrocRi00,CAR,,28,4,0,0,0,0,0,0,0,0,,0,,0,0,,0,,,,,1,76
60,Antonio Brown*+\BrowAn04,PIT,WR,26,16,16,2,2,20,1,0,4,13,3.25,0,181,129,1698,13.16,13,252,391.9,322.4,130,1,4
61,Bryce Brown\BrowBr02,BUF,RB,23,7,2,0,0,0,0,0,36,126,3.50,0,25,16,176,11.00,0,28,51.2,36.2,,86,
62,Corey Brown\BrowPh00,CAR,WR,23,13,3,0,0,0,0,0,8,95,11.88,0,36,21,296,14.10,2,49,80.1,65.6,,98,
63,Donald Brown\BrowDo00,SDG,RB,27,13,3,0,0,0,0,0,85,223,2.62,0,41,29,211,7.28,0,43,78.4,57.9,,72,
64,Jaron Brown\BrowJa03,ARI,WR,24,16,2,0,0,0,0,0,0,0,,0,32,22,229,10.41,2,35,59.9,45.9,,108,
65,John Brown\BrowJo02,ARI,WR,24,16,5,0,0,0,0,0,3,-6,-2.00,0,102,48,696,14.50,5,99,150.0,123.0,,47,
66,Justin Brown\BrowJu00,PIT,WR,23,8,1,0,0,0,0,0,0,0,,0,21,12,94,7.83,0,7,20.4,13.4,,164,
67,Marlon Brown\BrowMa00,BAL,WR,23,14,1,0,0,0,0,0,0,0,,0,31,24,255,10.63,0,26,52.5,37.5,,122,
68,Mike Brown\BrowMi00,JAX,WR,25,5,1,0,0,0,0,0,0,0,,0,15,7,88,12.57,0,7,14.8,10.3,,166,
69,Ronnie Brown\BrowRo05,2TM,RB,33,10,0,0,0,0,0,0,20,63,3.15,0,8,5,44,8.80,0,11,15.7,13.2,,117,
70,Vincent Brown\BrowVi00,OAK,WR,25,7,0,0,0,0,0,0,0,0,,0,21,12,118,9.83,0,12,26.8,17.8,,149,
71,Ryan Broyles\BroyRy00,DET,WR,26,5,0,0,0,0,0,0,0,0,,0,5,2,25,12.50,0,3,4.5,3.5,,185,
72,Dez Bryant*+\BryaDe01,DAL,WR,26,16,16,0,0,0,0,0,0,0,,0,136,88,1320,15.00,16,228,319.0,272.0,106,4,10
73,Martavis Bryant\BryaMa00,PIT,WR,23,10,3,0,0,0,0,0,3,12,4.00,0,48,26,549,21.12,8,104,133.1,117.1,,42,
74,Rex Burkhead\BurkRe00,CIN,RB,24,9,0,0,0,0,0,0,9,27,3.00,1,10,7,49,7.00,0,14,20.6,17.1,,109,
75,Isaiah Burse\BursIs01,DEN,,23,12,0,0,0,0,0,0,0,0,,0,1,0,0,,0,-2,-1.0,-2.0,,227,
76,Trey Burton\BurtTr01,PHI,TE,23,15,0,0,0,0,0,0,5,10,2.00,0,0,0,0,,0,1,1.0,1.0,,90,
77,Reggie Bush\BushRe00,DET,RB,29,11,9,0,0,0,0,0,76,297,3.91,2,56,40,253,6.33,0,67,113.0,87.0,,49,
78,Brice Butler\ButlBr00,OAK,WR,24,15,0,0,0,0,0,0,0,0,,0,35,21,280,13.33,2,40,64.0,50.5,,104,
79,LaRon Byrd\ByrdLa00,CLE,,25,1,0,0,0,0,0,0,0,0,,0,,0,0,,0,,,,,220,
80,Travaris Cadet\CadeTr00,NOR,RB,25,15,1,0,0,0,0,0,10,32,3.20,0,51,38,296,7.79,1,35,77.8,53.8,,80,
81,Andre Caldwell\CaldAn00,DEN,WR,29,16,2,0,0,0,0,0,0,0,,0,15,5,47,9.40,0,5,9.7,7.2,,175,
82,Jordan Cameron\CameJo00,CLE,TE,26,10,9,0,0,0,0,0,0,0,,0,48,24,424,17.67,2,54,81.4,66.4,,21,
83,Michael Campanaro\CampMi02,BAL,WR,23,4,0,0,0,0,0,0,0,0,,0,9,7,102,14.57,1,16,26.2,19.7,,137,
84,Jason Campbell\CampJa00,CIN,QB,33,4,0,11,19,74,0,0,1,1,1.00,0,0,0,0,,0,1,2.1,1.1,,64,
85,Ka'Deem Carey\CareKa00,CHI,RB,22,14,0,0,0,0,0,0,36,158,4.39,0,6,5,57,11.40,0,22,29.5,24.0,,93,
86,John Carlson\CarlJo00,ARI,TE,30,16,12,0,0,0,0,0,0,0,,0,55,33,350,10.61,1,43,79.0,59.5,,26,
87,Derek Carr\CarrDe02,OAK,QB,23,16,16,348,599,3270,21,12,29,92,3.17,0,1,0,0,,0,192,211.0,204.0,,20,
88,Derek Carrier\CarrDe00,SFO,TE,24,11,1,0,0,0,0,0,1,2,2.00,0,14,9,105,11.67,0,11,22.7,15.2,,62,
89,James Casey\CaseJa00,PHI,TE,30,16,2,0,0,0,0,0,0,0,,0,3,3,59,19.67,2,18,20.9,19.4,,50,
90,Matt Cassel\CassMa00,MIN,QB,32,3,3,41,71,425,3,4,9,18,2.00,0,0,0,0,,0,23,29.8,26.8,,46,
91,Brent Celek\CeleBr00,PHI,TE,29,16,15,0,0,0,0,0,0,0,,0,51,32,340,10.63,1,38,74.0,54.0,,29,
92,Garrett Celek\CeleGa00,SFO,TE,26,3,1,0,0,0,0,0,0,0,,0,2,2,53,26.50,0,5,7.3,6.3,,76,
93,Scott Chandler\ChanSc00,BUF,TE,29,16,5,0,0,0,0,0,0,0,,0,70,47,497,10.57,3,68,117.7,91.2,,19,
94,Jamaal Charles*\CharJa00,KAN,RB,28,15,15,0,0,0,0,0,206,1033,5.01,9,59,40,291,7.28,5,210,259.4,230.4,89,7,14
95,Jimmy Clausen\ClauJi00,CHI,QB,27,4,1,26,48,223,2,1,3,9,3.00,0,0,0,0,,0,16,16.8,16.8,,51,
96,Charles Clay\ClayCh00,MIA,TE,25,14,14,0,0,0,0,0,0,0,,0,84,58,605,10.43,3,79,139.5,107.5,,15,
97,Kellen Clemens\ClemKe00,SDG,QB,31,2,0,1,3,10,0,0,0,0,,0,0,0,0,,0,,0.4,0.4,,68,
98,Asante Cleveland\ClevAs00,SFO,,22,6,0,0,0,0,0,0,0,0,,0,1,0,0,,0,,,,,107,
99,Tyler Clutts\ClutTy00,DAL,RB,30,16,1,0,0,0,0,0,0,0,,0,1,1,1,1.00,0,,1.1,0.6,,154,
100,Randall Cobb*\CobbRa00,GNB,WR,24,16,16,0,0,0,0,0,11,37,3.36,0,127,91,1287,14.14,12,202,298.4,247.9,81,6,17
101,Chase Coffman\CoffCh00,TEN,TE,28,13,3,0,0,0,0,0,0,0,,0,14,6,64,10.67,1,12,18.4,15.4,,59,
102,Derrick Coleman\ColeDe00,SEA,RB,24,5,1,0,0,0,0,0,0,0,,0,2,2,29,14.50,1,9,10.9,9.9,,123,
103,Jed Collins\CollJe01,DET,RB,28,16,2,0,0,0,0,0,8,19,2.38,0,6,5,39,7.80,1,12,16.8,14.3,,113,
104,Marques Colston\ColsMa00,NOR,WR,31,16,13,0,0,0,0,0,0,0,,0,100,59,902,15.29,5,118,181.2,147.7,,33,
105,John Conner\ConnJo00,NYJ,RB,27,12,3,0,0,0,0,0,6,20,3.33,0,3,2,35,17.50,1,12,13.5,12.5,,114,
106,Jared Cook\CookJa02,STL,TE,27,16,6,0,0,0,0,0,1,0,0.00,0,99,52,634,12.19,3,81,136.4,107.4,,14,
107,Brandin Cooks\CookBr00,NOR,WR,21,10,7,0,0,0,0,0,7,73,10.43,1,69,53,550,10.38,3,86,142.3,112.8,,58,
108,Riley Cooper\CoopRi00,PHI,WR,27,16,16,0,0,0,0,0,0,0,,0,95,55,577,10.49,3,74,132.7,101.2,,66,
109,Jerricho Cotchery\CotcJe00,CAR,WR,32,15,13,0,0,0,0,0,0,0,,0,78,48,580,12.08,1,66,117.0,90.0,,74,
110,Kirk Cousins\CousKi00,WAS,QB,26,6,5,126,204,1710,10,9,7,20,2.86,0,0,0,0,,0,88,102.4,97.4,,36,
111,Michael Cox\CoxxMi00,NYG,RB,26,4,0,0,0,0,0,0,4,33,8.25,0,3,2,9,4.50,0,4,6.2,5.2,,135,
112,Michael Crabtree\CrabMi00,SFO,WR,27,16,16,0,0,0,0,0,1,4,4.00,0,108,68,698,10.26,4,94,165.2,128.2,,52,
113,Josh Cribbs\CribJo01,IND,WR,31,6,0,0,0,0,0,0,0,0,,0,1,1,8,8.00,0,1,1.8,1.3,,197,
114,Isaiah Crowell\CrowIs00,CLE,RB,21,16,4,0,0,0,0,0,148,607,4.10,8,14,9,87,9.67,0,113,127.4,117.9,,28,
115,Victor Cruz\CruzVi00,NYG,WR,28,6,6,0,0,0,0,0,0,0,,0,41,23,337,14.65,1,40,65.7,51.2,,105,
116,Jeff Cumberland\CumbJe00,NYJ,TE,27,16,14,0,0,0,0,0,0,0,,0,47,23,247,10.74,3,43,68.7,54.2,,27,
117,Benny Cunningham\CunnBe01,STL,RB,24,16,2,0,0,0,0,0,66,246,3.73,3,52,45,352,7.82,1,80,132.8,102.3,,40,
118,Jay Cutler\CutlJa00,CHI,QB,31,15,15,370,561,3812,28,18,39,191,4.90,2,0,0,0,,0,256,285.6,273.6,,14,
119,Andy Dalton*\DaltAn00,CIN,QB,27,16,16,309,481,3398,19,17,60,169,2.82,4,1,1,18,18.00,1,225,250.6,242.1,,18,
120,Chase Daniel\DaniCh00,KAN,QB,28,3,1,16,28,157,0,0,4,15,3.75,0,0,0,0,,0,8,7.8,7.8,,55,
121,Owen Daniels\DaniOw00,BAL,TE,32,15,13,0,0,0,0,0,0,0,,0,79,48,527,10.98,4,77,127.7,100.7,,16,
122,Orleans Darkwa\DarkOr00,2TM,RB,22,11,0,0,0,0,0,0,9,23,2.56,1,6,5,48,9.60,0,13,18.1,15.6,,110,
123,Austin Davis\DaviAu00,STL,QB,25,10,8,180,284,2001,12,9,16,36,2.25,0,0,0,0,,0,108,122.6,116.6,,30,
124,Kellen Davis\DaviKe01,DET,,29,6,0,0,0,0,0,0,0,0,,0,3,0,0,,0,,,,,94,
125,Knile Davis\DaviKn00,KAN,RB,23,16,1,0,0,0,0,0,134,463,3.46,6,25,16,147,9.19,1,99,129.0,113.0,,33,
126,Vernon Davis\DaviVe00,SFO,TE,30,14,14,0,0,0,0,0,1,4,4.00,0,50,26,245,9.42,2,37,65.9,49.9,,30,
127,Eric Decker\DeckEr00,NYJ,WR,27,15,15,0,0,0,0,0,0,0,,0,115,74,962,13.00,5,126,203.2,163.2,5,28,68
128,Anthony Denham\DenhAn00,HOU,,23,4,0,0,0,0,0,0,0,0,,0,0,0,0,,0,,,,,104,
129,James Develin\DeveJa00,NWE,RB,26,16,4,0,0,0,0,0,3,5,1.67,0,8,6,43,7.17,0,5,10.8,7.8,,133,
130,Ed Dickson\DickEd00,CAR,WR,27,16,10,0,0,0,0,0,0,0,,0,17,10,115,11.50,1,18,30.5,22.5,,136,
131,Patrick DiMarco\DiMaPa00,ATL,RB,25,16,7,0,0,0,0,0,0,0,,0,14,9,62,6.89,1,12,21.2,16.7,,112,
132,Anthony Dixon\DixoAn00,BUF,RB,27,16,0,0,0,0,0,0,105,432,4.11,2,9,8,49,6.13,0,60,71.1,64.1,,55,
133,Aaron Dobson\DobsAa00,NWE,WR,23,4,1,0,0,0,0,0,0,0,,0,5,3,38,12.67,0,4,6.8,5.3,,181,
134,Larry Donnell\DonnLa00,NYG,TE,26,16,12,0,0,0,0,0,0,0,,0,92,63,623,9.89,6,90,160.3,121.8,,12,77
135,Kevin Dorsey\DorsKe01,GNB,WR,24,3,0,0,0,0,0,0,0,0,,0,2,1,4,4.00,0,,1.4,0.9,,199,
136,Harry Douglas\DougHa00,ATL,WR,30,12,6,0,0,0,0,0,0,0,,0,74,51,556,10.90,2,70,123.6,95.1,,68,
137,Jack Doyle\DoylJa00,IND,TE,24,16,1,0,0,0,0,0,0,0,,0,22,18,118,6.56,2,24,44.8,32.8,,45,
138,Shaun Draughn\DrauSh00,3TM,RB,27,10,0,0,0,0,0,0,10,19,1.90,0,0,0,0,,0,2,1.9,1.9,,145,
139,Jim Dray\DrayJi00,CLE,TE,28,16,8,0,0,0,0,0,0,0,,0,27,17,242,14.24,1,30,50.2,38.7,,41,
140,Lance Dunbar\DunbLa00,DAL,RB,24,16,0,0,0,0,0,0,29,99,3.41,0,22,18,217,12.06,0,32,52.6,40.6,,83,
141,Kris Durham\DurhKr00,TEN,WR,26,4,0,0,0,0,0,0,0,0,,0,11,6,54,9.00,0,5,11.4,8.4,,172,
142,Jonathan Dwyer\DwyeJo00,ARI,RB,25,2,0,0,0,0,0,0,16,51,3.19,1,3,2,8,4.00,0,16,13.9,12.9,,102,
143,Eric Ebron\EbroEr00,DET,TE,21,13,7,0,0,0,0,0,0,0,,0,47,25,248,9.92,1,31,58.8,43.3,,39,
144,Julian Edelman\EdelJu00,NWE,WR,28,14,13,0,0,0,0,0,10,94,9.40,0,134,92,972,10.57,4,133,231.6,182.6,11,26,63
145,Tyler Eifert\EifeTy00,CIN,TE,24,1,1,0,0,0,0,0,0,0,,0,3,3,37,12.33,0,4,6.7,5.2,,81,
146,Andre Ellington\ElliAn00,ARI,RB,25,12,12,0,0,0,0,0,201,660,3.28,3,64,46,395,8.59,2,132,185.5,154.5,11,20,65
147,Bruce Ellington\ElliBr00,SFO,WR,23,13,0,0,0,0,0,0,6,28,4.67,1,12,6,62,10.33,2,27,33.0,30.0,,116,
148,Rhett Ellison\ElliRh00,MIN,TE,26,16,13,0,0,0,0,0,0,0,,0,26,19,208,10.95,1,29,50.8,38.3,,42,
149,Quincy Enunwa\EnunQu00,NYJ,,22,1,0,0,0,0,0,0,0,0,,0,,0,0,,0,,,,,219,
150,Zach Ertz\ErtzZa00,PHI,WR,24,16,5,0,0,0,0,0,0,0,,0,89,58,702,12.10,3,86,148.2,115.2,,59,
151,Gavin Escobar\EscoGa00,DAL,TE,23,16,1,0,0,0,0,0,0,0,,0,13,9,105,11.67,4,35,46.5,39.0,,35,
152,Mike Evans\EvanMi00,TAM,WR,21,15,15,0,0,0,0,0,0,0,,0,122,68,1051,15.46,12,177,248.1,211.1,56,11,27
153,Anthony Fasano\FasaAn00,KAN,TE,30,15,13,0,0,0,0,0,0,0,,0,36,25,226,9.04,4,49,74.6,59.1,,23,
154,Joseph Fauria\FaurJo00,DET,TE,24,7,0,0,0,0,0,0,0,0,,0,12,6,74,12.33,1,15,21.4,18.4,,52,
155,Daniel Fells\FellDa00,NYG,TE,31,16,9,0,0,0,0,0,0,0,,0,20,16,188,11.75,4,41,60.8,48.8,,28,
156,Darren Fells\FellDa01,ARI,TE,28,10,5,0,0,0,0,0,0,0,,0,12,5,71,14.20,0,7,12.1,9.6,,70,
157,Jerome Felton\FeltJe00,MIN,RB,28,16,3,0,0,0,0,0,4,27,6.75,0,2,0,0,,0,3,8.7,8.7,,141,
158,Tony Fiammetta\FiamTo00,CHI,,28,1,0,0,0,0,0,0,0,0,,0,,0,0,,0,,,,,163,
159,C.J. Fiedorowicz\FiedC.00,HOU,TE,23,15,8,0,0,0,0,0,0,0,,0,7,4,28,7.00,1,9,12.8,10.8,,65,
160,Larry Fitzgerald\FitzLa00,ARI,WR,31,14,13,0,0,0,0,0,0,0,,0,103,63,784,12.44,2,90,155.4,119.9,,56,
161,Ryan Fitzpatrick\FitzRy00,HOU,QB,32,12,12,197,312,2483,17,8,50,184,3.68,2,0,0,0,,0,180,194.7,187.7,,21,
162,Joe Flacco\FlacJo00,BAL,QB,29,16,16,344,554,3986,27,12,39,70,1.79,2,0,0,0,,0,262,277.4,274.4,,13,
163,Coby Fleener\FleeCo00,IND,TE,26,16,12,0,0,0,0,0,0,0,,0,92,51,774,15.18,8,125,179.4,150.9,35,6,40
164,Malcom Floyd\FloyMa00,SDG,WR,33,16,16,0,0,0,0,0,0,0,,0,92,52,856,16.46,6,122,176.6,147.6,,30,
165,Michael Floyd\FloyMi00,ARI,WR,25,16,14,0,0,0,0,0,1,2,2.00,0,99,47,841,17.89,6,118,169.3,141.8,,32,
166,Matt Flynn\FlynMa00,GNB,QB,29,7,0,8,16,66,0,1,10,-10,-1.00,0,0,0,0,,0,-2,-0.4,-1.4,,75,
167,Nick Foles\FoleNi00,PHI,QB,25,8,8,186,311,2163,13,10,16,68,4.25,0,0,0,0,,0,119,135.3,129.3,,29,
168,Chase Ford\FordCh00,MIN,TE,24,11,5,0,0,0,0,0,0,0,,0,35,23,258,11.22,1,32,57.8,43.3,,38,
169,Justin Forsett*\ForsJu00,BAL,RB,29,16,14,0,0,0,0,0,235,1266,5.39,8,59,44,263,5.98,0,205,252.9,224.9,84,8,15
170,Matt Forte\FortMa00,CHI,RB,29,16,16,0,0,0,0,0,266,1038,3.90,6,130,102,808,7.92,4,245,354.6,295.6,124,4,5
171,Arian Foster*\FostAr00,HOU,RB,28,13,13,1,1,5,1,0,260,1246,4.79,8,59,38,327,8.61,5,236,281.5,254.5,115,5,6
172,Devonta Freeman\FreeDe00,ATL,RB,22,16,0,0,0,0,0,0,65,248,3.82,1,37,30,225,7.50,1,57,94.3,72.3,,59,
173,Corey Fuller\FullCo00,DET,WR,24,16,2,0,0,0,0,0,0,0,,0,31,14,212,15.14,1,25,43.2,32.2,,124,
174,Blaine Gabbert\GabbBl00,SFO,QB,25,1,0,3,7,38,1,0,1,5,5.00,0,0,0,0,,0,6,6.0,6.0,,58,
175,Taylor Gabriel\GabrTa00,CLE,WR,23,16,2,0,0,0,0,0,4,10,2.50,0,72,36,621,17.25,1,69,108.1,87.1,,69,
176,Pierre Garcon\GarcPi00,WAS,WR,28,16,14,0,1,0,0,0,0,0,,0,105,68,752,11.06,3,93,164.2,127.2,,54,
177,Jimmy Garoppolo\GaroJi00,NWE,QB,23,6,0,19,27,182,1,0,10,9,0.90,0,0,0,0,,0,12,12.2,12.2,,53,
178,Antonio Gates\GateAn00,SDG,TE,34,16,14,0,0,0,0,0,0,0,,0,98,69,821,11.90,12,154,226.1,188.6,64,2,23
179,Toby Gerhart\GerhTo00,JAX,RB,27,14,7,0,0,0,0,0,101,326,3.23,2,24,20,186,9.30,0,61,88.2,71.2,,53,
180,Brandon Gibson\GibsBr00,MIA,WR,27,14,5,0,0,0,0,0,0,0,,0,51,29,295,10.17,1,36,67.5,50.0,,106,
181,Crockett Gillmore\GillCr00,BAL,TE,23,15,1,0,0,0,0,0,0,0,,0,15,10,121,12.10,1,18,31.1,23.1,,49,
182,Ted Ginn\GinnTe00,ARI,WR,29,16,0,1,1,10,0,0,3,6,2.00,0,26,14,190,13.57,0,20,43.0,33.0,,132,
183,Chris Givens\GiveCh00,STL,WR,25,14,0,0,0,0,0,0,1,4,4.00,0,20,11,159,14.45,1,22,36.3,27.8,,126,
184,Mike Glennon\GlenMi00,TAM,QB,25,6,5,117,203,1417,10,6,10,49,4.90,0,0,0,0,,0,90,98.6,95.6,,33,
185,Marquise Goodwin\GoodMa00,BUF,WR,24,10,0,0,0,0,0,0,3,8,2.67,0,9,1,42,42.00,0,5,6.0,5.5,,173,
186,Josh Gordon\GordJo02,CLE,WR,23,5,5,0,1,0,0,0,0,0,,0,47,24,303,12.63,0,30,57.3,42.3,,115,
187,Richard Gordon\GordRi00,2TM,,27,5,3,0,0,0,0,0,0,0,,0,1,0,0,,0,,,,,100,
188,Frank Gore\GoreFr00,SFO,RB,31,16,16,0,0,0,0,0,255,1106,4.34,4,19,11,111,10.09,1,148,166.7,153.2,27,17,47
189,Bruce Gradkowski\GradBr00,PIT,QB,31,1,0,0,0,0,0,0,2,-2,-1.00,0,0,0,0,,0,,-0.2,-0.2,,73,
190,Chris Gragg\GragCh00,BUF,WR,24,10,5,0,0,0,0,0,0,0,,0,10,7,48,6.86,1,11,17.8,14.3,,154,
191,Garrett Graham\GrahGa00,HOU,TE,28,11,9,0,0,0,0,0,0,0,,0,28,18,197,10.94,1,26,46.7,34.7,,44,
192,Jimmy Graham*\GrahJi00,NOR,TE,28,16,13,0,0,0,0,0,0,0,,0,125,85,889,10.46,10,145,234.9,187.4,55,3,29
193,T.J. Graham\GrahT.00,NYJ,WR,25,12,0,0,0,0,0,0,0,0,,0,8,3,87,29.00,1,15,17.7,16.2,,142,
194,Ryan Grant\GranRy01,WAS,WR,24,16,2,0,0,0,0,0,0,0,,0,15,7,68,9.71,0,7,13.8,10.3,,167,
195,Cyrus Gray\GrayCy00,KAN,RB,25,9,0,0,0,0,0,0,8,31,3.88,1,0,0,0,,0,9,9.1,9.1,,122,
196,Jonas Gray\GrayJo00,NWE,RB,24,8,3,0,0,0,0,0,89,412,4.63,5,3,1,7,7.00,0,72,75.9,72.4,,44,
197,MarQueis Gray\GrayMa00,2TM,TE,25,13,5,0,0,0,0,0,0,0,,0,11,9,134,14.89,0,13,25.4,17.9,,56,
198,A.J. Green*\GreeA.00,CIN,WR,26,13,13,0,0,0,0,0,2,2,1.00,0,117,69,1041,15.09,6,136,210.3,170.8,15,23,57
199,Ladarius Green\GreeLa00,SDG,TE,24,14,4,0,0,0,0,0,0,0,,0,25,19,226,11.89,0,23,44.6,32.1,,46,
200,Virgil Green\GreeVi00,DEN,TE,26,13,9,0,0,0,0,0,2,3,1.50,0,6,6,74,12.33,1,14,19.7,16.7,,54,
201,Shonn Greene\GreeSh00,TEN,RB,29,13,5,0,0,0,0,0,94,392,4.17,2,3,1,13,13.00,0,51,55.5,51.0,,65,
202,Jermaine Gresham\GresJe00,CIN,TE,26,15,15,0,0,0,0,0,0,0,,0,79,62,460,7.42,5,76,141.0,107.0,,17,
203,Marion Grice\GricMa00,ARI,RB,23,10,0,0,1,0,0,0,15,41,2.73,1,11,7,29,4.14,0,13,20.0,16.5,,111,
204,Robert Griffin\GrifRo01,WAS,QB,24,9,7,147,214,1694,4,6,38,176,4.63,1,0,0,0,,0,89,103.4,93.4,,34,
205,Ryan Griffin\GrifRy00,HOU,TE,24,16,2,0,0,0,0,0,0,0,,0,16,10,91,9.10,1,15,25.1,20.1,,53,
206,Jonathan Grimes\GrimJo01,HOU,RB,25,16,0,0,0,0,0,0,39,153,3.92,0,8,6,86,14.33,0,24,32.9,26.9,,91,
207,Rob Gronkowski*+\GronRo00,NWE,TE,25,15,10,0,0,0,0,0,0,0,,0,131,82,1124,13.71,12,184,269.4,225.4,94,1,11
208,Derek Hagan\HagaDe00,TEN,WR,30,16,3,0,0,0,0,0,0,0,,0,34,19,254,13.37,1,31,53.4,40.9,,114,
209,Saalim Hakim\HakiSa00,NYJ,,24,16,0,0,0,0,0,0,0,0,,0,0,0,0,,0,,,,,207,
210,Cobi Hamilton\HamiCo00,CIN,,24,0,1,0,0,0,0,0,0,0,,0,,0,0,,0,,,,,210,
211,Frankie Hammond\HammFr00,KAN,WR,24,16,3,0,0,0,0,0,0,0,,0,11,4,45,11.25,0,5,8.5,6.5,,178,
212,Leonard Hankerson\HankLe00,WAS,,26,1,0,0,0,0,0,0,0,0,,0,1,0,0,,0,,,,,211,
213,James Hanna\HannJa00,DAL,TE,25,16,12,0,0,0,0,0,0,0,,0,6,4,48,12.00,0,5,8.8,6.8,,77,
214,Clay Harbor\HarbCl00,JAX,TE,27,13,8,0,0,0,0,0,0,0,,0,35,26,289,11.12,1,37,63.9,47.9,,31,
215,Cory Harkey\HarkCo00,STL,TE,24,16,13,0,0,0,0,0,0,0,,0,11,8,55,6.88,1,14,21.5,17.5,,55,
216,Clark Harris\HarrCl20,CIN,,30,16,0,0,0,0,0,0,0,0,,0,,0,0,,0,,,,,106,
217,Demetrius Harris\HarrDe03,KAN,TE,23,8,3,0,0,0,0,0,0,0,,0,5,3,20,6.67,0,2,5.0,3.5,,87,
218,DuJuan Harris\HarrDu01,GNB,RB,26,15,0,0,0,0,0,0,16,64,4.00,0,2,1,11,11.00,0,8,8.5,8.0,,126,
219,Dwayne Harris\HarrDw00,DAL,WR,27,16,0,0,0,0,0,0,4,7,1.75,0,12,7,116,16.57,0,8,20.3,11.8,,162,
220,Josh Harris\HarrJo04,PIT,RB,23,5,0,0,0,0,0,0,9,16,1.78,0,0,0,0,,0,2,1.6,1.6,,147,
221,Brian Hartline\HartBr00,MIA,WR,28,16,16,0,0,0,0,0,0,0,,0,63,39,474,12.15,2,59,101.4,78.9,,86,
222,Percy Harvin\HarvPe00,2TM,WR,26,13,12,0,0,0,0,0,33,202,6.12,1,78,51,483,9.47,1,79,136.5,104.0,,61,
223,Matt Hasselbeck\HassMa00,IND,QB,39,4,0,30,44,301,2,0,8,-11,-1.38,0,0,0,0,,0,17,20.9,16.9,,50,
224,Andrew Hawkins\HawkAn00,CLE,WR,28,15,15,0,0,0,0,0,3,15,5.00,0,112,63,824,13.08,2,96,161.9,127.4,,50,
225,Cooper Helfet\HelfCo00,SEA,TE,25,10,2,0,0,0,0,0,0,0,,0,24,12,185,15.42,2,31,45.5,36.5,,40,
226,Roy Helu\HeluRo00,WAS,WR,26,14,0,0,0,0,0,0,40,216,5.40,1,47,42,477,11.36,2,85,134.3,106.3,,60,
227,Junior Hemingway\HemiJu00,KAN,WR,26,14,1,0,0,0,0,0,0,0,,0,22,12,108,9.00,0,11,25.8,16.8,,153,
228,Chad Henne\HennCh01,JAX,QB,29,3,3,42,78,492,3,1,4,25,6.25,0,0,0,0,,0,30,35.2,31.2,,44,
229,Dan Herron\HerrDa00,IND,RB,25,16,3,0,0,0,0,0,78,351,4.50,1,26,21,173,8.24,0,54,83.4,64.9,,62,
230,Robert Herron\HerrRo00,TAM,WR,22,8,0,0,0,0,0,0,1,0,0.00,0,12,6,58,9.67,1,12,17.8,14.8,,148,
231,Devin Hester*\HestDe99,ATL,WR,32,16,1,0,0,0,0,0,6,36,6.00,1,59,38,504,13.26,2,70,118.0,95.0,,67,
232,Ryan Hewitt\HewiRy00,CIN,TE,23,16,11,0,0,0,0,0,1,0,0.00,0,15,10,86,8.60,0,9,18.6,13.6,,66,
233,Darrius Heyward-Bey\HeywDa00,PIT,WR,27,16,1,0,0,0,0,0,0,0,,0,5,3,33,11.00,0,1,5.3,2.8,,193,
234,Jeremy Hill\HillJe01,CIN,RB,22,16,8,0,0,0,0,0,222,1124,5.06,9,32,27,215,7.96,0,184,218.9,197.4,63,10,24
235,Josh Hill\HillJo02,NOR,TE,24,16,3,0,0,0,0,0,0,0,,0,20,14,176,12.57,5,48,64.6,54.6,,24,
236,Michael Hill\HillMi00,IND,,25,0,,0,0,0,0,0,0,0,,0,,0,0,,0,,,,,157,
237,Shaun Hill\HillSh00,STL,QB,34,9,8,145,229,1657,8,7,10,10,1.00,1,1,1,0,0.00,0,89,101.3,96.8,,35,
238,Peyton Hillis\HillPe00,NYG,RB,28,9,0,0,0,0,0,0,26,115,4.42,0,16,10,87,8.70,0,20,33.2,25.2,,94,
239,Ronnie Hillman\HillRo00,DEN,RB,23,8,4,0,0,0,0,0,106,434,4.09,3,34,21,139,6.62,1,81,108.3,91.8,,39,
240,T.Y. Hilton*\HiltT.00,IND,WR,25,15,15,0,0,0,0,0,2,20,10.00,0,131,82,1345,16.40,7,179,262.5,217.5,57,10,25
241,Chris Hogan\HogaCh00,BUF,WR,26,16,2,0,0,0,0,0,0,0,,0,61,41,426,10.39,4,63,108.6,83.1,,79,
242,Andre Holmes\HolmAn00,OAK,WR,26,16,13,0,0,0,0,0,0,0,,0,99,47,693,14.74,4,93,143.3,116.8,,53,
243,Santonio Holmes\HolmSa00,CHI,WR,30,9,2,0,0,0,0,0,0,0,,0,14,8,67,8.38,0,7,14.7,10.7,,168,
244,Michael Hoomanawanui\HoomMi00,NWE,TE,26,16,12,0,0,0,0,0,0,0,,0,6,3,44,14.67,0,4,7.4,5.9,,78,
245,DeAndre Hopkins\HopkDe00,HOU,WR,22,16,16,0,0,0,0,0,0,0,,0,127,76,1210,15.92,6,155,235.0,193.0,33,15,42
246,Gator Hoskins\HoskHa00,MIA,TE,23,11,0,0,0,0,0,0,0,0,,0,4,3,21,7.00,0,2,5.1,3.6,,85,
247,Rob Housler\HousRo01,ARI,TE,26,15,7,0,0,0,0,0,1,1,1.00,0,17,9,129,14.33,0,13,25.0,17.5,,57,
248,Brian Hoyer\HoyeBr00,CLE,QB,29,14,13,242,438,3326,12,13,24,39,1.63,0,0,0,0,,0,159,173.9,169.9,,25,
249,Josh Huff\HuffJo00,PHI,WR,23,12,0,0,0,0,0,0,1,7,7.00,0,18,8,98,12.25,0,9,23.5,18.5,,160,
250,Robert Hughes\HughRo00,ARI,RB,25,16,4,0,0,0,0,0,7,11,1.57,0,12,8,140,17.50,0,15,26.1,19.1,,104,
251,Justin Hunter\HuntJu00,TEN,WR,23,12,8,0,0,0,0,0,0,0,,0,67,28,498,17.79,3,68,98.8,81.8,,72,
252,Allen Hurns\HurnAl01,JAX,WR,23,16,8,0,0,0,0,0,0,0,,0,97,51,677,13.27,6,104,157.7,129.2,,43,
253,Carlos Hyde\HydeCa00,SFO,RB,24,14,0,0,0,0,0,0,83,333,4.01,4,16,12,68,5.67,0,62,78.1,68.1,,52,
254,Henry Hynoski\HynoHe01,NYG,RB,26,16,4,0,0,0,0,0,7,13,1.86,0,0,0,0,,0,1,1.3,1.3,,149,
255,Mark Ingram*\IngrMa01,NOR,RB,25,13,9,0,0,0,0,0,226,964,4.27,9,36,29,145,5.00,0,163,198.9,177.4,42,15,36
256,Dontrelle Inman\InmaDo00,SDG,WR,25,7,0,0,0,0,0,0,0,0,,0,17,12,158,13.17,0,16,30.8,21.8,,140,
257,Chris Ivory\IvorCh00,NYJ,RB,26,16,10,0,0,0,0,0,198,821,4.15,6,27,18,123,6.83,1,134,159.4,143.4,13,19,60
258,DeSean Jackson\JackDe00,WAS,WR,28,15,13,0,0,0,0,0,4,7,1.75,0,95,56,1169,20.88,6,154,212.6,181.6,32,17,44
259,Fred Jackson\JackFr02,BUF,RB,33,14,9,0,1,0,0,0,141,525,3.72,2,90,66,501,7.59,1,123,194.6,155.6,2,22,72
260,Steven Jackson\JackSt00,ATL,RB,31,15,15,0,0,0,0,0,190,707,3.72,6,27,20,148,7.40,0,122,147.5,131.5,1,23,74
261,Tarvaris Jackson\JackTa00,SEA,QB,31,1,0,1,1,0,0,0,0,0,,0,0,0,0,,0,,,,,72,
262,Vincent Jackson\JackVi00,TAM,WR,31,16,16,0,0,0,0,0,0,0,,0,142,70,1002,14.31,2,110,184.2,145.2,,39,
263,Nic Jacobs\JacoNi00,JAX,TE,23,13,4,0,0,0,0,0,0,0,,0,3,2,16,8.00,1,8,9.6,8.6,,68,
264,LaMichael James\JameLa00,2TM,RB,25,3,0,0,0,0,0,0,5,9,1.80,0,1,0,0,,0,1,0.9,0.9,,151,
265,Mike James\JameMi00,TAM,RB,23,11,0,0,0,0,0,0,19,37,1.95,0,1,1,-5,-5.00,0,3,4.2,3.7,,139,
266,Jeff Janis\JaniJe00,GNB,WR,23,3,0,0,0,0,0,0,0,0,,0,2,2,16,8.00,0,2,3.6,2.6,,190,
267,Alshon Jeffery\JeffAl00,CHI,WR,24,16,16,0,0,0,0,0,6,33,5.50,0,145,85,1133,13.33,10,177,264.6,219.1,55,12,28
268,A.J. Jenkins\JenkA.00,KAN,WR,25,9,2,0,0,0,0,0,2,-2,-1.00,0,15,9,93,10.33,0,9,18.1,13.6,,158,
269,Greg Jennings\JennGr00,MIN,WR,31,16,13,0,0,0,0,0,0,0,,0,92,59,742,12.58,6,110,172.2,139.7,,38,
270,Rashad Jennings\JennRa00,NYG,RB,29,11,9,0,0,0,0,0,167,639,3.83,4,41,30,226,7.53,0,109,145.5,123.5,,30,
271,Marcel Jensen\JensMa01,JAX,TE,24,1,0,0,0,0,0,0,0,0,,0,1,1,8,8.00,0,1,1.8,1.3,,92,
272,Jerrel Jernigan\JernJe00,NYG,WR,25,2,1,0,0,0,0,0,1,-2,-2.00,0,9,6,40,6.67,0,4,9.8,6.8,,182,
273,Andre Johnson\JohnAn02,HOU,WR,33,15,15,0,0,0,0,0,0,0,,0,146,85,936,11.01,3,106,196.6,148.1,,41,
274,Austin Johnson\JohnAu00,NOR,RB,25,7,1,0,0,0,0,0,8,22,2.75,0,2,2,15,7.50,1,10,11.7,10.7,,120,
275,Calvin Johnson*\JohnCa00,DET,WR,29,13,13,0,0,0,0,0,0,0,,0,128,71,1077,15.17,8,156,229.7,191.2,34,14,41
276,Charles Johnson\JohnCh08,MIN,WR,25,12,6,0,0,0,0,0,1,-11,-11.00,0,59,31,475,15.32,2,60,94.4,75.9,,83,
277,Chris Johnson\JohnCh04,NYJ,RB,29,16,6,0,0,0,0,0,155,663,4.28,1,34,24,151,6.29,1,91,122.4,103.4,,34,
278,Damaris Johnson\JohnDa04,HOU,WR,25,16,8,0,0,0,0,0,5,19,3.80,0,49,31,331,10.68,1,41,75.0,56.5,,102,
279,David Johnson\JohnDa05,SDG,TE,27,14,2,0,0,0,0,0,0,0,,0,,1,4,4.00,0,,1.4,0.9,,93,
280,Steve Johnson\JohnSt00,SFO,WR,28,13,1,0,0,0,0,0,0,0,,0,50,35,435,12.43,3,62,99.5,79.0,,82,
281,Storm Johnson\JohnSt03,JAX,RB,22,6,1,0,0,0,0,0,29,86,2.97,2,1,1,-4,-4.00,0,20,21.2,20.7,,96,
282,Will Johnson\JohnWi00,PIT,RB,25,16,5,0,0,0,0,0,2,0,0.00,0,9,6,41,6.83,0,4,10.1,7.1,,136,
283,Dominique Jones\JoneDo01,DEN,,27,1,0,0,0,0,0,0,0,0,,0,,0,0,,0,,,,,102,
284,Jacoby Jones\JoneJa03,BAL,WR,30,16,0,0,0,0,0,0,3,16,5.33,0,18,9,131,14.56,0,11,30.7,21.2,,155,
285,James Jones\JoneJa04,OAK,WR,30,16,10,0,0,0,0,0,0,0,,0,112,73,666,9.12,6,101,177.6,137.1,,45,
286,Julio Jones*\JoneJu02,ATL,WR,25,15,15,0,0,0,0,0,1,1,1.00,0,163,104,1593,15.32,6,193,301.4,245.4,72,8,19
287,Maurice Jones-Drew\DrewMa00,OAK,RB,29,12,1,0,0,0,0,0,43,96,2.23,0,16,11,71,6.45,0,17,27.7,22.2,,101,
288,Kyle Juszczyk\JuszKy00,BAL,RB,23,16,14,0,0,0,0,0,0,0,,0,27,19,182,9.58,1,20,44.2,29.7,,95,
289,Colin Kaepernick\KaepCo00,SFO,QB,27,16,16,289,478,3369,19,10,104,639,6.14,1,0,0,0,,0,251,271.7,260.7,,16,
290,Jermaine Kearse\KearJe01,SEA,WR,24,15,14,1,1,17,0,0,2,15,7.50,0,69,38,537,14.13,1,64,102.9,80.9,,77,
291,Case Keenum\KeenCa00,HOU,QB,26,2,2,45,77,435,2,2,10,35,3.50,0,0,0,0,,0,23,28.9,24.9,,45,
292,Travis Kelce\KelcTr00,KAN,TE,25,16,11,0,0,0,0,0,0,0,,0,87,67,862,12.87,5,110,189.2,149.7,20,9,52
293,Lance Kendricks\KendLa00,STL,WR,26,16,14,0,0,0,0,0,0,0,,0,38,27,259,9.59,5,56,85.9,69.4,,89,
294,Jeremy Kerley\KerlJe00,NYJ,WR,26,16,7,0,1,0,0,0,4,86,21.50,0,75,38,409,10.76,1,60,96.5,74.5,,85,
295,Tavarres King\KingTa00,TAM,WR,24,2,0,0,0,0,0,0,0,0,,0,3,2,13,6.50,0,1,3.3,2.3,,192,
296,John Kuhn*+\KuhnJo00,GNB,RB,32,16,2,0,0,0,0,0,24,85,3.54,1,4,4,23,5.75,0,17,20.8,18.8,,100,
297,Eddie Lacy\LacyEd00,GNB,RB,23,16,16,0,0,0,0,0,246,1139,4.63,9,55,42,427,10.17,4,231,280.6,251.6,110,6,7
298,Brandon LaFell\LaFeBr00,NWE,WR,28,16,13,0,0,0,0,0,2,13,6.50,0,119,74,953,12.88,7,137,214.6,173.6,15,21,56
299,Jarvis Landry\LandJa00,MIA,WR,22,16,11,0,0,0,0,0,2,-4,-2.00,0,112,84,758,9.02,5,97,188.4,139.4,,49,
300,Jorvorskie Lane\LaneJo00,TAM,RB,27,9,4,0,0,0,0,0,3,58,19.33,0,1,1,3,3.00,0,6,7.1,6.6,,132,
301,Cody Latimer\LatiCo00,DEN,WR,22,8,0,0,0,0,0,0,0,0,,0,4,2,23,11.50,0,2,4.3,3.3,,187,
302,Mike Leach\LeacMi00,ARI,,38,16,0,0,0,0,0,0,0,0,,0,,0,0,,0,,,,,96,
303,Marqise Lee\LeexMa00,JAX,WR,23,13,8,0,0,0,0,0,3,9,3.00,0,69,37,422,11.41,1,49,89.1,67.6,,97,
304,Brian Leonard\LeonBr00,NOR,RB,30,1,0,0,0,0,0,0,0,0,,0,1,1,15,15.00,0,2,2.5,2.0,,148,
305,Brian Leonhardt\LeonBr01,OAK,TE,24,12,3,0,0,0,0,0,0,0,,0,8,6,35,5.83,1,10,15.5,12.5,,64,
306,Marcedes Lewis\LewiMa00,JAX,TE,30,8,8,0,0,0,0,0,0,0,,0,31,18,206,11.44,2,35,53.6,41.6,,33,
307,Ryan Lindley\LindRy00,ARI,QB,25,3,2,45,93,562,2,4,0,0,,0,0,0,0,,0,22,29.5,26.5,,47,
308,Zach Line\LineZa01,MIN,,24,1,0,0,0,0,0,0,0,0,,0,,0,0,,0,,,,,2,
309,Greg Little\LittGr00,CIN,WR,25,6,1,0,0,0,0,0,0,0,,0,12,6,69,11.50,0,7,12.9,9.9,,165,
310,Brandon Lloyd\LloyBr00,SFO,WR,33,14,3,0,0,0,0,0,0,0,,0,35,14,294,21.00,1,35,52.4,42.4,,107,
311,Jake Locker\LockJa00,TEN,QB,26,7,5,86,146,993,5,7,22,142,6.45,1,0,0,0,,0,64,77.9,70.9,,39,
312,Ricardo Lockette\LockRi00,SEA,WR,28,16,0,0,0,0,0,0,1,2,2.00,0,15,11,195,17.73,2,32,45.7,37.2,,113,
313,Erik Lorig\LoriEr99,NOR,RB,28,10,6,0,0,0,0,0,3,4,1.33,0,10,9,27,3.00,1,7,17.1,11.6,,129,
314,Andrew Luck*\LuckAn00,IND,QB,25,16,16,380,616,4761,40,16,64,273,4.27,3,0,0,0,,0,356,379.7,367.7,90,2,13
315,Marshawn Lynch*\LyncMa00,SEA,RB,28,16,14,0,0,0,0,0,280,1306,4.66,13,48,37,367,9.92,4,265,310.3,283.8,144,3,3
316,Elbert Mack\MackEl20,HOU,,28,8,0,0,0,0,0,0,0,0,,0,0,0,0,,0,,,,,217,
317,Jeremy Maclin*\MaclJe00,PHI,WR,26,16,16,0,0,0,0,0,0,0,,0,143,85,1318,15.51,10,192,279.8,234.3,70,9,20
318,Jeff Maehl\MaehJe00,PHI,WR,25,8,0,0,0,0,0,0,0,0,,0,5,5,46,9.20,0,5,9.6,7.1,,176,
319,Ryan Mallett\MallRy00,HOU,QB,26,3,2,41,75,400,2,2,6,-2,-0.33,0,0,0,0,,0,20,24.8,21.8,,49,
320,Eli Manning\MannEl00,NYG,QB,33,16,16,379,601,4410,30,14,12,31,2.58,1,0,0,0,,0,270,290.5,283.5,4,10,69
321,Peyton Manning*\MannPe00,DEN,QB,38,16,16,395,597,4727,39,15,24,-24,-1.00,0,0,0,0,,0,313,332.7,327.7,47,4,32
322,EJ Manuel\ManuEJ00,BUF,QB,24,5,4,76,131,838,5,3,16,52,3.25,1,0,0,0,,0,59,64.7,61.7,,41,
323,Johnny Manziel\ManzJo00,CLE,QB,22,5,2,18,35,175,0,2,9,29,3.22,1,0,0,0,,0,12,13.9,13.9,,54,
324,Brandon Marshall\MarsBr00,CHI,WR,30,13,13,0,0,0,0,0,0,0,,0,106,61,721,11.82,8,118,183.1,148.6,,34,
325,Doug Martin\MartDo00,TAM,RB,25,11,11,0,0,0,0,0,134,494,3.69,2,20,13,64,4.92,0,68,83.8,74.3,,47,
326,Keshawn Martin\MartKe01,HOU,WR,24,16,0,0,0,0,0,0,0,0,,0,12,6,78,13.00,0,8,13.8,10.8,,163,
327,Freddie Martino\MartFr00,ATL,,23,1,0,0,0,0,0,0,0,0,,0,1,0,0,,0,,,,,201,
328,Tre Mason\MasoTr00,STL,RB,21,12,9,0,0,0,0,0,179,765,4.27,4,26,16,148,9.25,1,119,142.3,127.3,,25,
329,Ryan Mathews\MathRy00,SDG,RB,27,6,6,0,0,0,0,0,74,330,4.46,3,10,9,69,7.67,0,58,69.9,62.4,,58,
330,Jordan Matthews\MattJo00,PHI,WR,22,16,10,0,0,0,0,0,0,0,,0,103,67,872,13.01,8,135,205.2,168.7,14,24,59
331,Rishard Matthews\MattRi00,MIA,WR,25,14,0,0,0,0,0,0,1,3,3.00,0,22,12,135,11.25,2,26,40.8,31.8,,121,
332,Onterio McCalebb\McCaOn00,CIN,,25,1,0,0,0,0,0,0,0,0,,0,,0,0,,0,,,,,161,
333,Dexter McCluster\McClDe00,TEN,RB,25,14,2,0,0,0,0,0,40,131,3.28,0,36,26,197,7.58,1,37,69.8,49.8,,79,
334,Josh McCown\McCoJo01,TAM,QB,35,11,11,184,327,2206,11,14,25,127,5.08,3,0,0,0,,0,127,150.9,140.9,,28,
335,Luke McCown\McCoLu00,NOR,,33,16,0,0,0,0,0,0,0,0,,0,,0,0,,0,,,,,70,
336,Colt McCoy\McCoCo00,WAS,QB,27,5,4,91,128,1057,4,3,16,66,4.13,1,0,0,0,,0,63,69.9,65.9,,40,
337,LeSean McCoy*\McCoLe01,PHI,RB,26,16,16,0,0,0,0,0,312,1319,4.23,5,37,28,155,5.54,0,171,208.4,185.4,50,12,30
338,Vance McDonald\McDoVa00,SFO,TE,24,8,4,0,0,0,0,0,0,0,,0,8,2,30,15.00,0,1,4.0,2.0,,91,
339,Darren McFadden\McFaDa00,OAK,RB,27,16,12,0,1,0,0,0,155,534,3.45,2,56,36,212,5.89,0,85,127.6,102.6,,37,
340,Matt McGloin\McGlMa01,OAK,QB,25,1,0,12,19,129,1,2,2,3,1.50,0,0,0,0,,0,5,7.5,7.5,,59,
341,Jerick McKinnon\McKiJe00,MIN,RB,22,11,6,0,0,0,0,0,113,538,4.76,0,41,27,135,5.00,0,67,100.3,80.8,,48,
342,Joe McKnight\McKnJo00,KAN,RB,26,2,0,0,0,0,0,0,1,3,3.00,0,7,6,64,10.67,2,19,24.7,21.7,,97,
343,Robert Meachem\MeacRo00,NOR,WR,30,11,2,0,0,0,0,0,0,0,,0,20,7,114,16.29,0,11,21.4,14.9,,151,
344,Zach Mettenberger\MettZa00,TEN,QB,23,7,6,107,179,1412,8,7,5,4,0.80,0,0,0,0,,0,71,82.9,77.9,,38,
345,Christine Michael\MichCh00,SEA,RB,24,10,0,0,0,0,0,0,34,175,5.15,0,2,1,12,12.00,0,19,22.7,19.2,,98,
346,Bruce Miller\MillBr02,SFO,RB,27,16,8,0,0,0,0,0,6,9,1.50,0,25,18,189,10.50,2,30,51.8,38.8,,84,
347,Heath Miller\MillHe00,PIT,TE,32,16,16,0,0,0,0,0,0,0,,0,91,66,761,11.53,3,94,164.1,127.1,4,11,70
348,Lamar Miller\MillLa01,MIA,RB,23,16,16,0,0,0,0,0,216,1099,5.09,8,52,38,275,7.24,1,185,232.4,204.4,64,9,22
349,Zach Miller\MillZa01,SEA,TE,29,3,3,0,0,0,0,0,0,0,,0,7,6,76,12.67,0,8,13.6,10.6,,69,
350,Keavon Milton\MiltKe00,SEA,,24,1,0,0,0,0,0,0,0,0,,0,,0,0,,0,,,,,101,
351,Tony Moeaki\MoeaTo00,SEA,TE,27,6,2,0,0,0,0,0,0,0,,0,13,8,134,16.75,1,19,30.4,23.4,,48,
352,Donte Moncrief\MoncDo00,IND,WR,21,16,2,0,0,0,0,0,4,17,4.25,0,49,32,444,13.88,3,64,99.1,80.1,,76,
353,Denarius Moore\MoorDe02,OAK,WR,26,10,2,0,0,0,0,0,1,1,1.00,0,27,12,115,9.58,0,10,25.6,15.6,,157,
354,Lance Moore\MoorLa00,PIT,WR,31,14,2,0,0,0,0,0,0,0,,0,26,14,198,14.14,2,34,50.8,40.8,,109,
355,Marlon Moore\MoorMa02,CLE,,27,13,0,0,0,0,0,0,0,0,,0,0,0,0,,0,,,,,213,
356,Matt Moore\MoorMa01,MIA,QB,30,2,0,2,4,21,0,0,2,-2,-1.00,0,0,0,0,,0,1,0.6,0.6,,65,
357,Knowshon Moreno\MoreKn00,MIA,RB,27,3,0,0,0,0,0,0,31,148,4.77,1,1,1,8,8.00,0,22,25.6,22.1,,92,
358,Joe Morgan\MorgJo01,NOR,WR,26,5,2,0,0,0,0,0,1,67,67.00,0,10,4,92,23.00,0,16,19.9,17.9,,139,
359,Josh Morgan\MorgJo00,CHI,WR,29,14,7,0,0,0,0,0,2,30,15.00,0,19,10,70,7.00,1,16,26.0,21.0,,138,
360,Alfred Morris*\MorrAl00,WAS,RB,26,16,16,0,0,0,0,0,265,1074,4.05,8,26,17,155,9.12,0,171,193.9,179.4,50,13,31
361,Santana Moss\MossSa00,WAS,WR,35,10,0,0,0,0,0,0,0,0,,0,15,10,116,11.60,0,12,24.6,16.6,,150,
362,Matthew Mulligan\MullMa00,2TM,,29,4,2,0,0,0,0,0,0,0,,0,0,0,0,,0,,,,,111,
363,Louis Murphy\MurpLo00,TAM,WR,27,11,3,0,0,0,0,0,0,0,,0,56,31,380,12.26,2,50,84.0,65.5,,96,
364,DeMarco Murray*+\MurrDe00,DAL,RB,26,16,16,0,0,0,0,0,392,1845,4.71,13,64,57,416,7.30,0,294,362.1,322.6,173,1,1
365,Latavius Murray\MurrLa00,OAK,RB,24,15,3,0,0,0,0,0,82,424,5.17,2,23,17,143,8.41,0,69,91.7,77.2,,46,
366,Brandon Myers\MyerBr00,TAM,WR,29,14,6,0,0,0,0,0,0,0,,0,32,22,190,8.64,0,19,44.0,30.0,,134,
367,Ryan Nassib\NassRy00,NYG,QB,24,4,0,4,5,60,0,0,2,-3,-1.50,0,0,0,0,,0,2,2.1,2.1,,61,
368,David Nelson\NelsDa01,NYJ,WR,28,6,5,0,0,0,0,0,0,0,,0,16,8,65,8.13,0,9,14.5,10.5,,159,
369,Jordy Nelson*\NelsJo00,GNB,WR,29,16,16,0,0,0,0,0,0,0,,0,151,98,1519,15.50,13,230,330.9,278.9,108,2,8
370,Cam Newton\NewtCa00,CAR,QB,25,14,14,262,448,3127,18,12,103,539,5.23,5,0,0,0,,0,249,272.0,261.0,,17,
371,Hakeem Nicks\NickHa01,IND,WR,26,16,6,0,0,0,0,0,0,0,,0,68,38,405,10.66,4,65,105.5,83.5,,75,
372,Troy Niklas\NiklTr00,ARI,TE,22,7,2,0,0,0,0,0,0,0,,0,3,3,38,12.67,0,4,6.8,5.3,,80,
373,Kevin Norwood\NorwKe00,SEA,WR,25,9,2,0,0,0,0,0,0,0,,0,10,9,102,11.33,0,10,22.2,14.7,,156,
374,Pat O'Donnell\ODonPa00,CHI,WR,23,16,0,0,0,0,0,0,1,-12,-12.00,0,0,0,0,,0,-1,-1.2,-1.2,,224,
375,Chris Ogbonnaya\OgboCh00,2TM,RB,28,7,0,0,0,0,0,0,14,50,3.57,1,1,0,0,,0,11,11.0,11.0,,115,
376,Kevin Ogletree\OgleKe00,NYG,WR,27,7,0,0,0,0,0,0,0,0,,0,9,5,50,10.00,0,5,10.0,7.5,,174,
377,Jamize Olawale\OlawJa00,OAK,RB,25,16,0,0,0,0,0,0,2,0,0.00,0,6,5,18,3.60,2,14,18.8,16.3,,108,
378,Branden Oliver\OlivBr01,SDG,RB,23,14,7,0,0,0,0,0,160,582,3.64,3,45,36,271,7.53,1,109,151.3,127.3,,29,
379,Greg Olsen*\OlseGr00,CAR,TE,29,16,16,0,0,0,0,0,0,0,,0,123,84,1008,12.00,6,137,223.8,178.8,47,4,33
380,Kyle Orton\OrtoKy00,BUF,QB,32,12,12,287,447,3018,18,10,15,14,0.93,1,0,0,0,,0,176,192.1,186.1,,23,
381,Kassim Osgood\OsgoKa00,SFO,,34,13,0,0,0,0,0,0,0,0,,0,1,0,0,,0,,,,,212,
382,Brock Osweiler\OsweBr00,DEN,QB,24,4,0,4,10,52,1,0,8,0,0.00,0,0,0,0,,0,6,6.1,6.1,,57,
383,Montell Owens\OwenMo01,2TM,,30,6,0,0,0,0,0,0,0,0,,0,,0,0,,0,,,,,155,
384,Chris Owusu\OwusCh00,2TM,WR,24,8,0,0,0,0,0,0,1,23,23.00,1,6,6,78,13.00,1,22,28.1,25.1,,128,
385,Carson Palmer\PalmCa00,ARI,QB,35,6,6,141,224,1626,11,3,8,25,3.13,0,1,0,0,,0,106,110.5,106.5,,31,
386,Jordan Palmer\PalmJo20,TEN,QB,30,1,0,1,3,7,0,0,1,-1,-1.00,0,0,0,0,,0,,0.2,0.2,,69,
387,Michael Palmer\PalmMi00,PIT,TE,26,15,1,0,0,0,0,0,0,0,,0,2,1,1,1.00,1,6,7.1,6.6,,74,
388,Chris Pantale\PantCh00,NYJ,,24,5,0,0,0,0,0,0,0,0,,0,,0,0,,0,,,,,98,
389,Preston Parker\ParkPr00,NYG,WR,27,16,7,0,0,0,0,0,0,0,,0,56,36,418,11.61,2,52,91.8,69.8,,93,
390,Jalen Parmele\ParmJa00,ARI,RB,29,1,0,0,0,0,0,0,1,0,0.00,0,0,0,0,,0,,,,,160,
391,Bear Pascoe\PascBe00,ATL,TE,28,16,2,0,0,0,0,0,0,0,,0,2,2,3,1.50,1,6,8.3,7.3,,73,
392,Cordarrelle Patterson\PattCo00,MIN,WR,23,16,7,0,0,0,0,0,10,117,11.70,1,67,33,384,11.64,1,60,100.1,76.6,,84,
393,Quinton Patton\PattQu00,SFO,WR,24,4,0,0,0,0,0,0,1,20,20.00,0,8,3,44,14.67,0,4,8.4,5.9,,179,
394,Solomon Patton\PattSo01,2TM,WR,24,13,0,0,0,0,0,0,1,19,19.00,0,0,0,0,,0,2,1.9,1.9,,188,
395,Niles Paul\PaulNi00,WAS,WR,25,16,7,0,0,0,0,0,0,0,,0,52,39,507,13.00,1,55,97.7,74.2,,92,
396,Logan Paulsen\PaulLo00,WAS,WR,27,16,12,0,0,0,0,0,0,0,,0,16,13,78,6.00,1,12,25.8,18.3,,147,
397,Cedric Peerman\PeerCe00,CIN,RB,28,16,0,0,0,0,0,0,15,43,2.87,0,5,3,27,9.00,0,7,10.0,8.5,,130,
398,Senorise Perry\PerrSe00,CHI,RB,23,16,0,0,0,0,0,0,0,0,,0,1,1,-1,-1.00,0,,0.9,0.4,,164,
399,Adrian Peterson\PeteAd01,MIN,RB,29,1,1,0,0,0,0,0,21,75,3.57,0,3,2,18,9.00,0,9,11.3,10.3,,121,
400,Brandon Pettigrew\PettBr00,DET,TE,29,14,9,0,0,0,0,0,0,0,,0,15,10,70,7.00,0,7,17.0,12.0,,71,
401,Austin Pettis\PettAu00,2TM,WR,26,9,0,0,0,0,0,0,0,0,,0,17,12,118,9.83,1,18,32.8,23.8,,135,
402,John Phillips\PhilJo00,SDG,TE,27,16,1,0,0,0,0,0,0,0,,0,1,1,1,1.00,1,6,7.1,6.6,,75,
403,Bernard Pierce\PierBe00,BAL,RB,24,13,2,0,0,0,0,0,93,366,3.94,2,6,2,13,6.50,0,48,53.9,48.9,,68,
404,Dennis Pitta\PittDe00,BAL,TE,29,3,3,0,0,0,0,0,0,0,,0,21,16,125,7.81,0,13,31.5,20.5,,58,
405,Chris Polk\PolkCh00,PHI,RB,25,14,0,0,0,0,0,0,46,172,3.74,4,3,2,16,8.00,0,43,53.8,49.8,,73,
406,Christian Ponder\PondCh00,MIN,QB,26,2,1,22,44,222,0,2,4,16,4.00,1,0,0,0,,0,12,14.5,14.5,,52,
407,Tauren Poole\PoolTa00,3TM,RB,25,3,0,0,0,0,0,0,1,0,0.00,0,0,0,0,,0,-2,-1.0,-2.0,,165,
408,DeVier Posey\PoseDe00,HOU,WR,25,1,1,0,0,0,0,0,0,0,,0,1,1,30,30.00,0,3,4.0,3.5,,184,
409,Bilal Powell\PoweBi00,NYJ,RB,26,15,1,0,0,0,0,0,33,141,4.27,1,15,11,92,8.36,0,29,43.3,34.8,,85,
410,Walt Powell\PoweWa00,NYJ,,23,4,0,0,0,0,0,0,0,0,,0,0,0,0,,0,-2,-1.0,-2.0,,226,
411,De'Andre Presley\PresDe00,CAR,WR,24,4,0,0,0,0,0,0,1,-2,-2.00,0,1,0,0,,0,,-0.2,-0.2,,222,
412,Jay Prosch\ProsJa00,HOU,RB,22,16,5,0,0,0,0,0,0,0,,0,4,1,24,24.00,0,2,3.4,2.9,,142,
413,Andrew Quarless\QuarAn00,GNB,TE,26,16,11,0,0,0,0,0,0,0,,0,46,29,323,11.14,3,54,82.3,64.8,,22,
414,Brian Quick\QuicBr00,STL,WR,25,7,7,0,0,0,0,0,0,0,,0,39,25,375,15.00,3,56,83.5,68.0,,90,
415,Bobby Rainey\RainBo00,TAM,RB,27,15,5,0,1,0,0,0,94,406,4.32,1,45,33,315,9.55,1,78,120.1,94.6,,42,
416,Joseph Randle\RandJo01,DAL,RB,23,16,0,0,0,0,0,0,51,343,6.73,3,5,4,23,5.75,0,51,59.6,52.6,,64,
417,Rueben Randle\RandRu00,NYG,WR,23,16,13,0,0,0,0,0,0,0,,0,127,71,938,13.21,3,112,185.8,147.3,,35,
418,Darrin Reaves\ReavDa00,CAR,RB,21,6,1,0,0,0,0,0,31,78,2.52,0,8,5,31,6.20,0,11,15.9,13.4,,116,
419,Silas Redd\ReddSi00,WAS,RB,22,15,0,0,0,0,0,0,16,75,4.69,1,10,8,107,13.38,0,24,35.2,28.2,,90,
420,Marcel Reece*\ReecMa00,OAK,RB,29,15,15,0,0,0,0,0,21,85,4.05,0,59,37,265,7.16,1,39,80.0,57.5,,77,
421,Jordan Reed\ReedJo02,WAS,TE,24,11,2,0,0,0,0,0,0,0,,0,65,50,465,9.30,0,45,98.5,69.5,,25,
422,Paul Richardson\RichPa01,SEA,WR,22,15,6,0,0,0,0,0,0,0,,0,44,29,271,9.34,1,33,65.1,47.6,,111,
423,Rico Richardson\RichRi00,TEN,,23,1,0,0,0,0,0,0,0,0,,0,,0,0,,0,,,,,214,
424,Trent Richardson\RichTr00,IND,RB,24,15,12,0,0,0,0,0,159,519,3.26,3,34,27,229,8.48,0,91,124.8,104.3,,35,
425,Theo Riddick\RiddTh00,DET,RB,23,14,2,0,0,0,0,0,20,51,2.55,0,50,34,316,9.29,4,61,97.7,77.7,,54,
426,Stevan Ridley\RidlSt00,NWE,RB,25,6,5,0,0,0,0,0,94,340,3.62,2,5,4,20,5.00,0,48,55.0,50.0,,67,
427,Mychal Rivera\RiveMy00,OAK,TE,24,16,10,0,0,0,0,0,0,0,,0,99,58,534,9.21,4,75,137.4,104.4,,18,
428,Philip Rivers\RivePh00,SDG,QB,33,16,16,379,570,4286,31,18,37,102,2.76,0,0,0,0,,0,266,291.6,283.6,,12,75
429,Andre Roberts\RobeAn00,WAS,WR,26,16,4,0,0,0,0,0,2,21,10.50,0,73,36,453,12.58,2,55,96.4,73.4,,91,
430,Adrien Robinson\RobiAd00,NYG,TE,26,16,1,0,0,0,0,0,0,0,,0,7,5,50,10.00,1,11,16.0,13.5,,61,
431,Aldrick Robinson\RobiAl00,2TM,WR,26,7,0,0,0,0,0,0,0,0,,0,,1,6,6.00,0,1,1.6,1.1,,198,
432,Allen Robinson\RobiAl02,JAX,WR,21,10,8,0,0,0,0,0,0,0,,0,81,48,548,11.42,2,69,119.8,92.8,,71,
433,Denard Robinson\RobiDe00,JAX,WR,24,13,9,0,1,0,0,0,135,582,4.31,4,31,23,124,5.39,0,91,121.6,102.1,,55,
434,Gerrell Robinson\RobiGe00,2TM,,25,3,0,0,0,0,0,0,0,0,,0,1,0,0,,0,,,,,205,
435,Khiry Robinson\RobiKh00,NOR,RB,25,10,3,0,0,0,0,0,76,362,4.76,3,11,8,63,7.88,0,57,69.5,60.5,,60,
436,Courtney Roby\RobyCo00,ATL,WR,31,4,0,0,0,0,0,0,0,0,,0,2,1,11,11.00,0,1,2.1,1.6,,195,
437,Aaron Rodgers*+\RodgAa00,GNB,QB,31,16,16,341,520,4381,38,5,43,269,6.26,2,0,0,0,,0,358,367.1,359.1,93,1,12
438,Jacquizz Rodgers\RodgJa00,ATL,RB,24,16,1,0,0,0,0,0,58,217,3.74,1,40,29,173,5.97,1,53,86.0,65.5,,63,
439,Richard Rodgers\RodgRi00,GNB,TE,22,16,5,0,0,0,0,0,0,0,,0,30,20,225,11.25,2,35,57.5,44.5,,34,
440,Evan Rodriguez\RodrEv00,TAM,,26,1,0,0,0,0,0,0,0,0,,0,,0,0,,0,,,,,99,
441,Ben Roethlisberger*\RoetBe00,PIT,QB,32,16,16,408,608,4952,32,9,33,27,0.82,0,0,0,-6,,0,310,323.2,315.2,45,5,35
442,Tony Romo*\RomoTo00,DAL,QB,34,15,15,304,435,3705,34,9,26,61,2.35,0,0,0,0,,0,266,281.3,275.3,1,11,73
443,Dante Rosario\RosaDa00,CHI,TE,30,16,3,0,0,0,0,0,0,0,,0,22,16,116,7.25,0,12,31.6,19.6,,60,
444,Jeremy Ross\RossJe01,DET,WR,26,16,13,0,0,0,0,0,2,-1,-0.50,0,35,24,314,13.08,1,33,62.3,45.3,,110,
445,Rashad Ross\RossRa00,2TM,,24,4,0,0,0,0,0,0,0,0,,0,,0,0,,0,,,,,204,
446,Eddie Royal\RoyaEd00,SDG,WR,28,16,11,0,0,0,0,0,3,14,4.67,0,91,62,778,12.55,7,119,185.2,150.2,,31,
447,Kyle Rudolph\RudoKy00,MIN,TE,25,9,8,0,0,0,0,0,0,0,,0,34,24,231,9.63,2,35,62.1,47.1,,32,
448,Matt Ryan*\RyanMa00,ATL,QB,29,16,16,415,628,4694,28,14,29,145,5.00,0,0,0,0,,0,284,306.3,298.3,19,7,54
449,Greg Salas\SalaGr00,NYJ,WR,26,10,2,0,0,0,0,0,1,20,20.00,1,23,8,167,20.88,0,25,35.7,28.7,,125,
450,Mark Sanchez\SancMa00,PHI,QB,28,9,8,198,309,2418,14,11,34,87,2.56,1,0,0,0,,0,139,156.4,150.4,,27,
451,Ace Sanders\SandAc00,JAX,WR,23,12,0,0,0,0,0,0,0,0,,0,7,6,55,9.17,0,4,10.5,6.5,,183,
452,Emmanuel Sanders*\SandEm00,DEN,WR,27,16,16,0,0,0,0,0,8,44,5.50,0,141,101,1404,13.90,9,201,304.8,251.3,79,7,18
453,Bishop Sankey\SankBi00,TEN,RB,22,16,9,0,0,0,0,0,152,569,3.74,2,23,18,133,7.39,0,78,104.2,87.2,,41,
454,Mohamed Sanu\SanuMo00,CIN,WR,25,16,13,3,3,79,1,0,7,51,7.29,0,98,56,790,14.11,5,123,182.3,151.3,2,29,71
455,Dane Sanzenbacher\SanzDa00,CIN,WR,26,10,1,0,0,0,0,0,1,-1,-1.00,0,15,9,105,11.67,0,8,21.4,12.9,,161,
456,Jalen Saunders\SaunJa00,2TM,WR,22,9,0,0,0,0,0,0,0,0,,0,1,1,7,7.00,0,-1,0.7,-0.8,,225,
457,Weslye Saunders\SaunWe00,IND,,25,1,0,0,0,0,0,0,0,0,,0,,0,0,,0,,,,,97,
458,Tom Savage\SavaTo00,HOU,QB,24,2,0,10,19,127,0,1,6,-6,-1.00,0,0,0,0,,0,,2.5,1.5,,67,
459,Matt Schaub\SchaMa00,OAK,QB,33,11,0,5,10,57,0,2,0,0,,0,0,0,0,,0,-4,-0.7,-1.7,,76,
460,Austin Seferian-Jenkins\SefeAu00,TAM,TE,22,9,9,0,0,0,0,0,0,0,,0,38,21,221,10.52,2,32,57.1,42.6,,37,
461,Connor Shaw\ShawCo00,CLE,QB,23,1,1,14,28,177,0,1,7,9,1.29,0,0,0,0,,0,4,6.0,5.0,,60,
462,Russell Shepard\ShepRu00,TAM,WR,24,16,0,0,0,0,0,0,0,0,,0,8,4,63,15.75,0,6,10.3,8.3,,170,
463,Anthony Sherman\SherAn00,KAN,RB,26,16,6,0,0,0,0,0,2,8,4.00,0,14,10,71,7.10,1,14,23.9,18.9,,107,
464,Cecil Shorts\ShorCe00,JAX,WR,27,13,12,2,2,32,1,0,0,0,,0,110,53,557,10.51,1,67,122.0,91.5,,73,
465,Mickey Shuler\ShulMi01,JAX,,28,3,1,0,0,0,0,0,0,0,,0,3,0,0,,0,,,,,112,
466,Matt Simms\SimmMa00,NYJ,QB,26,1,0,3,8,39,0,0,1,2,2.00,0,0,0,0,,0,2,1.8,1.8,,62,
467,Charles Sims\SimsCh00,TAM,RB,24,8,0,0,0,0,0,0,66,185,2.80,1,27,19,190,10.00,0,42,67.5,51.0,,74,
468,Dion Sims\SimsDi00,MIA,WR,23,14,2,0,0,0,0,0,0,0,,0,36,24,284,11.83,2,40,67.4,52.4,,103,
469,Matt Slater*\SlatMa00,NWE,,29,16,0,0,0,0,0,0,0,0,,0,,0,0,,0,,,,,206,
470,Kiero Small\SmalKi00,CLE,,25,3,3,0,0,0,0,0,0,0,,0,,0,0,,0,2,,,,144,
471,Alex Smith\SmitAl02,CIN,,32,2,0,0,0,0,0,0,0,0,,0,,0,0,,0,,,,,113,
472,Alex Smith\SmitAl03,KAN,QB,30,15,15,303,464,3265,18,6,49,254,5.18,1,0,0,0,,0,224,233.0,226.0,,19,
473,Alfonso Smith\SmitAl22,SFO,RB,27,6,0,0,0,0,0,0,7,19,2.71,0,4,3,11,3.67,0,3,6.0,4.5,,140,
474,Antone Smith\SmitAn01,ATL,RB,29,10,0,0,0,0,0,0,23,144,6.26,2,15,13,222,17.08,3,65,84.6,71.1,,50,
475,Brad Smith\SmitBr01,PHI,WR,31,13,0,0,0,0,0,0,0,0,,0,3,1,11,11.00,0,1,2.1,1.6,,194,
476,Geno Smith\SmitGe00,NYJ,QB,24,14,13,219,367,2525,13,13,59,238,4.03,1,1,0,0,,0,157,172.8,163.8,,26,
477,Jerome Smith\SmitJe02,ATL,,23,1,0,0,0,0,0,0,0,0,,0,,0,0,,0,,,,,162,
478,Lee Smith\SmitLe00,BUF,TE,27,14,10,0,0,0,0,0,0,0,,0,8,7,42,6.00,1,10,17.2,13.7,,63,
479,Rodney Smith\SmitRo05,2TM,,24,4,0,0,0,0,0,0,0,0,,0,1,0,0,,0,,,,,203,
480,Steve Smith\SmitSt01,BAL,WR,35,16,16,0,0,0,0,0,0,0,,0,134,79,1065,13.48,6,141,223.5,180.0,19,20,53
481,Torrey Smith\SmitTo02,BAL,WR,25,16,16,0,0,0,0,0,0,0,,0,92,49,767,15.65,11,143,194.7,167.2,21,19,51
482,Nate Solder\SoldNa00,NWE,,26,16,16,0,0,0,0,0,0,0,,0,0,0,0,,0,,,,,109,
483,Matt Spaeth\SpaeMa00,PIT,WR,31,15,8,0,0,0,0,0,0,0,,0,4,3,46,15.33,1,13,15.6,14.1,,145,
484,C.J. Spiller\SpilC.00,BUF,RB,27,9,5,0,0,0,0,0,78,300,3.85,0,22,19,125,6.58,1,47,78.5,62.0,,71,
485,Darren Sproles*\SproDa00,PHI,RB,31,15,0,0,0,0,0,0,57,329,5.77,6,62,40,387,9.68,0,106,164.6,137.6,,31,
486,Micheal Spurlock\SpurMi00,CHI,WR,31,1,0,0,0,0,0,0,0,0,,0,3,1,8,8.00,0,1,1.8,1.3,,196,
487,Zac Stacy\StacZa00,STL,RB,23,13,5,0,0,0,0,0,76,293,3.86,1,23,18,152,8.44,0,47,72.5,55.5,,70,
488,Matthew Stafford*\StafMa00,DET,QB,26,16,16,363,602,4257,22,12,43,93,2.16,2,0,0,0,,0,254,269.6,263.6,,15,
489,Drew Stanton\StanDr00,ARI,QB,30,9,8,132,240,1711,7,5,25,63,2.52,0,0,0,0,,0,95,102.7,99.7,,32,
490,James Starks\StarJa00,GNB,RB,28,16,0,0,0,0,0,0,85,333,3.92,2,29,18,140,7.78,0,59,83.3,68.3,,57,
491,Craig Stevens\StevCr00,TEN,TE,30,5,4,0,0,0,0,0,0,0,,0,2,2,26,13.00,0,3,4.6,3.6,,83,
492,Jeremy Stewart\StewJe00,DEN,RB,25,6,0,0,0,0,0,0,6,22,3.67,0,0,0,0,,0,2,2.2,2.2,,143,
493,Jonathan Stewart\StewJo00,CAR,RB,27,13,8,0,0,0,0,0,175,809,4.62,3,31,25,181,7.24,1,121,153.0,133.5,,24,78
494,Kenny Stills\StilKe00,NOR,WR,22,15,7,0,0,0,0,0,1,-2,-2.00,0,83,63,931,14.78,3,111,176.9,142.4,,36,
495,Luke Stocker\StocLu00,TAM,WR,26,13,7,0,0,0,0,0,0,0,,0,11,7,41,5.86,0,4,11.1,7.6,,180,
496,Rod Streater\StreRo00,OAK,WR,26,3,3,0,0,0,0,0,0,0,,0,13,9,84,9.33,1,14,23.4,18.9,,143,
497,Devin Street\StreDe00,DAL,WR,23,16,0,0,0,0,0,0,0,0,,0,7,2,18,9.00,0,2,3.8,2.8,,189,
498,Tommy Streeter\StreTo00,JAX,,25,2,0,0,0,0,0,0,0,0,,0,1,0,0,,0,,,,,218,
499,Zach Sudfeld\SudfZa00,NYJ,TE,25,16,3,0,0,0,0,0,0,0,,0,7,5,85,17.00,0,9,13.5,11.0,,67,
500,Frank Summers\SummFr00,BUF,RB,29,10,6,0,0,0,0,0,6,17,2.83,1,8,5,9,1.80,0,9,13.6,11.1,,124,
501,Phillip Supernaw\SupePh00,2TM,TE,24,8,1,0,0,0,0,0,0,0,,0,3,3,30,10.00,0,3,6.0,4.5,,82,
502,Will Ta'ufo'ou\TaufWi00,JAX,RB,28,16,4,0,0,0,0,0,0,0,,0,8,7,81,11.57,0,8,15.1,11.6,,125,
503,Lorenzo Taliaferro\TaliLo00,BAL,RB,23,13,0,0,0,0,0,0,68,292,4.29,4,10,8,114,14.25,0,65,77.6,66.6,,51,
504,Julian Talley\TallJu00,NYG,,25,2,0,0,0,0,0,0,0,0,,0,,0,0,,0,,,,,202,
505,Jacob Tamme\TammJa00,DEN,TE,29,15,0,0,0,0,0,0,0,0,,0,28,14,109,7.79,2,21,38.9,27.9,,47,
506,Ryan Tannehill\TannRy00,MIA,QB,26,16,16,392,590,4045,27,12,56,311,5.55,1,1,1,-4,-4.00,0,279,299.5,291.0,13,9,61
507,Phillip Tanner\TannPh00,SFO,,26,2,0,0,0,0,0,0,0,0,,0,0,0,0,,0,,,,,158,
508,Ben Tate\TateBe00,3TM,RB,26,11,7,0,0,0,0,0,124,390,3.15,4,12,11,69,6.27,0,70,83.9,75.4,,45,
509,Brandon Tate\TateBr00,CIN,WR,27,16,4,0,0,0,0,0,3,21,7.00,0,26,17,193,11.35,1,25,46.4,33.9,,123,
510,Golden Tate*\TateGo00,DET,WR,26,16,16,0,0,0,0,0,5,30,6.00,0,144,99,1331,13.44,4,162,262.1,209.6,41,13,38
511,Ryan Taylor\TaylRy00,3TM,,27,14,0,0,0,0,0,0,0,0,,0,0,0,0,,0,,,,,110,
512,Stepfan Taylor\TaylSt00,ARI,RB,23,14,4,0,0,0,0,0,63,208,3.30,1,15,11,79,7.18,3,55,68.7,60.2,,61,
513,Tyrod Taylor\TaylTy00,BAL,QB,25,1,0,0,0,0,0,0,4,-3,-0.75,0,0,0,0,,0,,-0.3,-0.3,,74,
514,Adam Thielen\ThieAd00,MIN,WR,24,16,2,0,0,0,0,0,0,0,,0,13,8,137,17.13,1,20,30.7,23.7,,133,
515,Daniel Thomas\ThomDa03,MIA,RB,27,12,0,0,0,0,0,0,44,168,3.82,2,19,13,121,9.31,0,41,60.9,47.4,,75,
516,De'Anthony Thomas\ThomDe05,KAN,WR,21,12,3,0,0,0,0,0,14,113,8.07,1,31,23,156,6.78,0,33,67.9,50.4,,112,
517,Demaryius Thomas*\ThomDe03,DEN,WR,27,16,16,0,0,0,0,0,0,0,,0,184,111,1619,14.59,11,230,343.9,285.4,108,3,9
518,Julius Thomas*\ThomJu00,DEN,TE,26,13,10,0,0,0,0,0,0,0,,0,62,43,489,11.37,12,121,166.9,142.4,31,7,45
519,Logan Thomas\ThomLo00,ARI,QB,23,2,0,1,9,81,1,0,0,0,,0,0,0,0,,0,7,7.2,7.2,,56,
520,Pierre Thomas\ThomPi00,NOR,RB,30,11,3,0,0,0,0,0,45,222,4.93,2,55,45,378,8.40,1,78,129.0,100.5,,43,
521,Kenbrell Thompkins\ThomKe02,2TM,WR,26,14,7,0,0,0,0,0,2,5,2.50,0,48,21,262,12.48,0,27,50.7,37.2,,117,
522,Chris Thompson\ThomCh03,WAS,RB,24,2,0,0,0,0,0,0,3,12,4.00,0,7,6,27,4.50,1,10,15.9,12.9,,118,
523,Deonte Thompson\ThomDe04,BUF,,25,1,0,0,0,0,0,0,0,0,,0,,0,0,,0,,,,,209,
524,Jordan Thompson\ThomJo03,DET,,25,2,0,0,0,0,0,0,0,0,,0,1,0,0,,0,,,,,103,
525,Juwan Thompson\ThomJu01,DEN,RB,22,15,0,0,0,0,0,0,54,272,5.04,3,7,4,25,6.25,0,48,54.7,49.7,,69,
526,Taylor Thompson\ThomTa00,TEN,TE,25,3,1,0,0,0,0,0,0,0,,0,4,2,24,12.00,0,2,4.4,3.4,,84,
527,Zurlon Tipton\TiptZu01,IND,RB,24,6,0,0,0,0,0,0,10,18,1.80,0,6,6,68,11.33,1,15,20.6,17.6,,106,
528,Jordan Todman\TodmJo00,JAX,RB,24,16,1,0,0,0,0,0,32,186,5.81,1,37,25,198,7.92,1,50,81.4,62.9,,66,
529,Levine Toilolo\ToilLe00,ATL,TE,23,16,16,0,0,0,0,0,0,0,,0,54,31,238,7.68,2,34,68.8,49.3,,36,
530,Mike Tolbert\TolbMi00,CAR,RB,29,8,6,0,0,0,0,0,37,78,2.11,0,17,12,93,7.75,0,17,29.1,23.1,,99,
531,Nick Toon\ToonNi00,NOR,WR,26,8,2,0,0,0,0,0,1,4,4.00,0,23,17,215,12.65,1,26,46.9,34.4,,120,
532,Fitzgerald Toussaint\TousFi00,BAL,RB,24,4,0,0,0,0,0,0,6,12,2.00,0,6,3,27,9.00,0,4,6.9,5.4,,137,
533,Will Tukuafu\TukuWi00,SEA,RB,30,9,2,0,0,0,0,0,1,2,2.00,0,2,1,4,4.00,0,1,1.6,1.1,,152,
534,Robert Turbin\TurbRo00,SEA,RB,25,16,3,0,0,0,0,0,74,310,4.19,0,20,16,186,11.63,2,60,82.6,67.6,,56,
535,Brian Tyms\TymsBr00,NWE,WR,25,11,2,0,0,0,0,0,0,0,,0,11,5,82,16.40,1,14,19.2,16.7,,144,
536,Shane Vereen\VereSh00,NWE,RB,25,16,6,0,0,0,0,0,96,391,4.07,2,77,52,447,8.60,3,114,171.8,139.8,,27,
537,Michael Vick\VickMi00,NYJ,QB,34,10,3,64,121,604,3,2,26,153,5.88,0,0,0,0,,0,45,53.5,45.5,,43,
538,Delanie Walker\WalkHu00,TEN,TE,30,15,14,0,0,0,0,0,0,0,,0,106,63,890,14.13,4,113,179.0,144.5,23,8,50
539,Mike Wallace\WallMi00,MIA,WR,28,16,16,0,1,0,0,0,4,16,4.00,0,115,67,862,12.87,10,146,216.8,179.3,24,18,48
540,Bryan Walters\WaltBr00,SEA,WR,27,13,0,0,0,0,0,0,1,-2,-2.00,0,11,6,57,9.50,0,6,11.5,8.5,,171,
541,Corey Washington\WashCo01,NYG,WR,23,14,0,0,0,0,0,0,0,0,,0,8,5,52,10.40,1,11,16.2,13.7,,152,
542,Leon Washington\WashLe00,TEN,RB,32,16,0,0,0,0,0,0,13,57,4.38,0,31,22,159,7.23,2,34,57.6,42.6,,81,
543,Nate Washington\WashNa00,TEN,WR,31,16,11,0,0,0,0,0,0,0,,0,72,40,647,16.18,2,77,119.7,96.7,,65,
544,Sammy Watkins\WatkSa00,BUF,WR,21,16,16,0,0,0,0,0,2,8,4.00,0,128,65,982,15.11,6,133,202.0,165.5,11,25,62
545,Ben Watson\WatsBe00,NOR,TE,34,16,8,0,0,0,0,0,0,0,,0,31,20,136,6.80,2,28,48.6,35.6,,43,
546,Trey Watts\WattTr00,STL,RB,23,14,0,0,0,0,0,0,7,30,4.29,0,4,3,18,6.00,0,5,7.8,6.3,,134,
547,Reggie Wayne\WaynRe00,IND,WR,36,15,15,0,0,0,0,0,0,0,,0,116,64,779,12.17,2,90,155.9,119.9,,57,
548,Joe Webb\WebbJo00,CAR,QB,28,7,0,0,0,0,0,0,0,0,,0,3,1,16,16.00,0,2,2.6,2.1,,63,
549,Brandon Weeden\WeedBr00,DAL,QB,31,5,1,24,41,303,3,2,6,-1,-0.17,0,0,0,0,,0,20,25.0,22.0,,48,
550,Eric Weems\WeemEr00,ATL,WR,29,16,0,0,0,0,0,0,0,0,,0,11,10,102,10.20,2,22,35.2,27.2,,127,
551,Wes Welker\WelkWe00,DEN,WR,33,14,8,0,0,0,0,0,0,0,,0,64,49,464,9.47,2,58,110.4,82.9,,88,
552,Terrance West\WestTe00,CLE,RB,23,14,6,0,0,0,0,0,171,673,3.94,4,13,11,64,5.82,1,102,116.7,107.2,,32,
553,Griff Whalen\WhalGr00,IND,WR,24,10,0,0,0,0,0,0,0,0,,0,3,2,23,11.50,0,,3.3,1.3,,200,
554,Markus Wheaton\WheaMa00,PIT,WR,23,16,11,0,0,0,0,0,4,19,4.75,0,86,53,644,12.15,2,78,134.3,104.8,,62,
555,James White\WhitJa02,NWE,RB,22,3,0,0,0,0,0,0,9,38,4.22,0,5,5,23,4.60,0,6,11.1,8.6,,131,
556,Roddy White\WhitRo00,ATL,WR,33,14,14,0,0,0,0,0,0,0,,0,125,80,921,11.51,7,132,216.1,172.1,11,27,64
557,Charlie Whitehurst\WhitCh02,TEN,QB,32,7,5,105,185,1326,7,2,20,90,4.50,0,0,0,10,,0,87,92.0,89.0,,37,
558,Fozzy Whittaker\WhitFo00,CAR,RB,25,10,1,0,0,0,0,0,32,145,4.53,1,6,5,60,12.00,1,33,40.5,35.0,,82,
559,Andre Williams\WillAn00,NYG,RB,22,16,7,0,0,0,0,0,217,721,3.32,7,37,18,130,7.22,0,127,151.1,136.1,6,21,67
560,Brandon Williams\WillBr04,CAR,TE,27,14,0,0,0,0,0,0,0,0,,0,8,4,44,11.00,0,4,8.4,6.4,,79,
561,Chris Williams\WillCh03,CHI,WR,27,6,6,0,0,0,0,0,1,-8,-8.00,0,,0,0,,0,-1,5.2,5.2,,223,
562,Damian Williams\WillDa04,2TM,WR,26,3,0,0,0,0,0,0,0,0,,0,1,1,14,14.00,0,1,2.4,1.9,,191,
563,Damien Williams\WillDa05,MIA,RB,22,16,0,0,0,0,0,0,36,122,3.39,0,27,21,187,8.90,1,37,63.9,47.4,,78,
564,DeAngelo Williams\WillDe02,CAR,RB,31,6,6,0,0,0,0,0,62,219,3.53,0,6,5,44,8.80,0,24,33.3,26.8,,89,
565,Kerwynn Williams\WillKe05,ARI,RB,23,5,0,0,0,0,0,0,53,246,4.64,0,6,2,11,5.50,0,26,30.7,26.7,,88,
566,Mike Williams\WillMi04,BUF,WR,27,9,0,0,0,0,0,0,0,0,,0,19,8,142,17.75,1,20,31.2,24.2,,130,
567,Terrance Williams\WillTe01,DAL,WR,25,16,16,0,0,0,0,0,0,0,,0,66,37,621,16.78,8,110,150.1,128.6,,40,
568,Luke Willson\WillLu00,SEA,TE,24,15,10,0,0,0,0,0,0,0,,0,40,22,362,16.45,3,56,79.2,65.2,,20,
569,Albert Wilson\WilsAl02,KAN,WR,22,12,2,0,0,0,0,0,0,0,,0,28,16,260,16.25,0,26,45.0,34.0,,119,
570,George Wilson\WilsGe01,TEN,,33,16,10,0,0,0,0,0,0,0,,0,0,0,0,,0,,,,,216,
571,Marquess Wilson\WilsMa02,CHI,WR,22,7,6,0,0,0,0,0,0,0,,0,32,17,140,8.24,1,20,40.0,28.5,,131,
572,Russell Wilson\WilsRu00,SEA,QB,26,16,16,285,452,3475,20,7,118,849,7.19,6,1,1,17,17.00,0,332,343.6,337.1,66,3,21
573,George Winn\WinnGe00,DET,RB,24,12,0,0,0,0,0,0,19,73,3.84,0,3,0,0,,0,7,7.3,7.3,,127,
574,Glenn Winston\WinsGl00,CLE,,25,5,0,0,0,0,0,0,0,0,,0,0,0,0,,0,,,,,159,
575,Jason Witten*\WittJa00,DAL,TE,32,16,16,0,0,0,0,0,0,0,,0,90,64,703,10.98,5,100,167.3,132.3,10,10,66
576,Danny Woodhead\WoodDa02,SDG,RB,29,3,0,0,0,0,0,0,15,38,2.53,0,6,5,34,6.80,0,7,12.2,9.7,,128,
577,Robert Woods\WoodRo02,BUF,WR,22,16,15,0,0,0,0,0,0,0,,0,104,65,699,10.75,5,100,168.9,132.4,,46,
578,James Wright\WrigJa03,CIN,WR,23,11,0,0,0,0,0,0,3,30,10.00,0,16,5,91,18.20,0,12,17.1,14.6,,146,
579,Jarius Wright\WrigJa02,MIN,WR,25,16,7,0,0,0,0,0,5,71,14.20,0,62,42,588,14.00,2,78,122.9,98.9,,63,
580,Kendall Wright\WrigKe01,TEN,WR,25,14,11,0,0,0,0,0,4,54,13.50,0,93,57,715,12.54,6,111,171.9,139.4,,37,
581,Tim Wright\WrigTi01,NWE,WR,24,16,2,0,0,0,0,0,1,-2,-2.00,0,33,26,259,9.96,6,62,90.7,74.7,,81,
582,T.J. Yates\YateT.00,ATL,QB,27,1,0,3,4,64,0,1,0,0,,0,0,0,0,,0,1,1.6,1.6,,66,
583,Darrel Young\YounDa01,WAS,RB,27,16,10,0,0,0,0,0,9,22,2.44,3,14,11,81,7.36,2,40,51.3,45.8,,76,
